X,Y,u (mm) @ t=0,v (mm) @ t=0,w (mm) @ t=0,t (s) @ t=0,u (mm) @ t=0.1,v (mm) @ t=0.1,w (mm) @ t=0.1,t (s) @ t=0.1,u (mm) @ t=0.2,v (mm) @ t=0.2,w (mm) @ t=0.2,t (s) @ t=0.2,u (mm) @ t=0.3,v (mm) @ t=0.3,w (mm) @ t=0.3,t (s) @ t=0.3,u (mm) @ t=0.4,v (mm) @ t=0.4,w (mm) @ t=0.4,t (s) @ t=0.4,u (mm) @ t=0.5,v (mm) @ t=0.5,w (mm) @ t=0.5,t (s) @ t=0.5,u (mm) @ t=0.6,v (mm) @ t=0.6,w (mm) @ t=0.6,t (s) @ t=0.6,u (mm) @ t=0.7,v (mm) @ t=0.7,w (mm) @ t=0.7,t (s) @ t=0.7,u (mm) @ t=0.8,v (mm) @ t=0.8,w (mm) @ t=0.8,t (s) @ t=0.8,u (mm) @ t=0.9,v (mm) @ t=0.9,w (mm) @ t=0.9,t (s) @ t=0.9,u (mm) @ t=1,v (mm) @ t=1,w (mm) @ t=1,t (s) @ t=1
-1,-10,0,0,0,0,0,0,0,0.1,0,0,0,0.2,0,0,0,0.3,0,0,0,0.4,0,0,0,0.5,0,0,0,0.6,0,0,0,0.7,0,0,0,0.8,0,0,0,0.9,0,0,0,1
-0.6,-10,0,0,0,0,0,0,0,0.1,0,0,0,0.2,0,0,0,0.3,0,0,0,0.4,0,0,0,0.5,0,0,0,0.6,0,0,0,0.7,0,0,0,0.8,0,0,0,0.9,0,0,0,1
-1,-9.625,5.71E-10,6.96E-10,0,0,5.46E-05,6.64E-05,0,0.1,1.09E-04,1.33E-04,0,0.2,1.64E-04,1.99E-04,0,0.3,2.18E-04,2.65E-04,0,0.4,2.73E-04,3.32E-04,0,0.5,3.28E-04,3.98E-04,0,0.6,3.82E-04,4.65E-04,0,0.7,4.37E-04,5.31E-04,0,0.8,4.92E-04,5.97E-04,0,0.9,5.46E-04,6.64E-04,0,1
-0.6,-9.625,2.98E-10,5.32E-10,0,0,2.86E-05,5.07E-05,0,0.1,5.72E-05,1.01E-04,0,0.2,8.58E-05,1.52E-04,0,0.3,1.14E-04,2.03E-04,0,0.4,1.43E-04,2.54E-04,0,0.5,1.72E-04,3.04E-04,0,0.6,2.00E-04,3.55E-04,0,0.7,2.29E-04,4.06E-04,0,0.8,2.57E-04,4.57E-04,0,0.9,2.86E-04,5.07E-04,0,1
-1,-9.25,7.49E-10,1.24E-09,0,0,7.16E-05,1.18E-04,0,0.1,1.43E-04,2.36E-04,0,0.2,2.15E-04,3.55E-04,0,0.3,2.86E-04,4.73E-04,0,0.4,3.58E-04,5.91E-04,0,0.5,4.29E-04,7.09E-04,0,0.6,5.01E-04,8.28E-04,0,0.7,5.72E-04,9.46E-04,0,0.8,6.44E-04,0.001064066,0,0.9,7.16E-04,0.001182296,0,1
-0.6,-9.25,4.43E-10,1.13E-09,0,0,4.24E-05,1.08E-04,0,0.1,8.47E-05,2.16E-04,0,0.2,1.27E-04,3.23E-04,0,0.3,1.69E-04,4.31E-04,0,0.4,2.12E-04,5.39E-04,0,0.5,2.54E-04,6.47E-04,0,0.6,2.97E-04,7.54E-04,0,0.7,3.39E-04,8.62E-04,0,0.8,3.81E-04,9.70E-04,0,0.9,4.24E-04,0.001077644,0,1
-0.2,-10,0,0,0,0,0,0,0,0.1,0,0,0,0.2,0,0,0,0.3,0,0,0,0.4,0,0,0,0.5,0,0,0,0.6,0,0,0,0.7,0,0,0,0.8,0,0,0,0.9,0,0,0,1
-0.2,-9.625,8.64E-11,4.90E-10,0,0,8.30E-06,4.68E-05,0,0.1,1.66E-05,9.35E-05,0,0.2,2.49E-05,1.40E-04,0,0.3,3.32E-05,1.87E-04,0,0.4,4.15E-05,2.34E-04,0,0.5,4.98E-05,2.81E-04,0,0.6,5.81E-05,3.27E-04,0,0.7,6.64E-05,3.74E-04,0,0.8,7.47E-05,4.21E-04,0,0.9,8.30E-05,4.68E-04,0,1
-1,-8.875,8.15E-10,1.81E-09,0,0,7.75E-05,1.72E-04,0,0.1,1.55E-04,3.44E-04,0,0.2,2.32E-04,5.15E-04,0,0.3,3.10E-04,6.87E-04,0,0.4,3.87E-04,8.59E-04,0,0.5,4.65E-04,0.001030966,0,0.6,5.42E-04,0.001202794,0,0.7,6.20E-04,0.001374622,0,0.8,6.97E-04,0.00154645,0,0.9,7.75E-04,0.001718277,0,1
-0.6,-8.875,4.96E-10,1.76E-09,0,0,4.73E-05,1.67E-04,0,0.1,9.45E-05,3.34E-04,0,0.2,1.42E-04,5.01E-04,0,0.3,1.89E-04,6.68E-04,0,0.4,2.36E-04,8.35E-04,0,0.5,2.84E-04,0.001002326,0,0.6,3.31E-04,0.00116938,0,0.7,3.78E-04,0.001336435,0,0.8,4.25E-04,0.001503489,0,0.9,4.73E-04,0.001670544,0,1
-0.2,-9.25,1.43E-10,1.08E-09,0,0,1.37E-05,1.03E-04,0,0.1,2.74E-05,2.06E-04,0,0.2,4.12E-05,3.09E-04,0,0.3,5.49E-05,4.12E-04,0,0.4,6.86E-05,5.15E-04,0,0.5,8.23E-05,6.19E-04,0,0.6,9.61E-05,7.22E-04,0,0.7,1.10E-04,8.25E-04,0,0.8,1.24E-04,9.28E-04,0,0.9,1.37E-04,0.001030866,0,1
0.2,-10,0,0,0,0,0,0,0,0.1,0,0,0,0.2,0,0,0,0.3,0,0,0,0.4,0,0,0,0.5,0,0,0,0.6,0,0,0,0.7,0,0,0,0.8,0,0,0,0.9,0,0,0,1
0.2,-9.625,-8.64E-11,4.90E-10,0,0,-8.30E-06,4.68E-05,0,0.1,-1.66E-05,9.35E-05,0,0.2,-2.49E-05,1.40E-04,0,0.3,-3.32E-05,1.87E-04,0,0.4,-4.15E-05,2.34E-04,0,0.5,-4.98E-05,2.81E-04,0,0.6,-5.81E-05,3.27E-04,0,0.7,-6.64E-05,3.74E-04,0,0.8,-7.47E-05,4.21E-04,0,0.9,-8.30E-05,4.68E-04,0,1
-1,-8.5,8.38E-10,2.41E-09,0,0,7.90E-05,2.28E-04,0,0.1,1.58E-04,4.57E-04,0,0.2,2.37E-04,6.85E-04,0,0.3,3.16E-04,9.14E-04,0,0.4,3.95E-04,0.001142001,0,0.5,4.74E-04,0.001370401,0,0.6,5.53E-04,0.001598801,0,0.7,6.32E-04,0.001827202,0,0.8,7.11E-04,0.002055602,0,0.9,7.90E-04,0.002284002,0,1
-0.6,-8.5,5.11E-10,2.38E-09,0,0,4.83E-05,2.26E-04,0,0.1,9.66E-05,4.52E-04,0,0.2,1.45E-04,6.78E-04,0,0.3,1.93E-04,9.04E-04,0,0.4,2.42E-04,0.001130446,0,0.5,2.90E-04,0.001356535,0,0.6,3.38E-04,0.001582624,0,0.7,3.87E-04,0.001808713,0,0.8,4.35E-04,0.002034802,0,0.9,4.83E-04,0.002260891,0,1
-0.2,-8.875,1.66E-10,1.71E-09,0,0,1.58E-05,1.63E-04,0,0.1,3.17E-05,3.27E-04,0,0.2,4.75E-05,4.90E-04,0,0.3,6.34E-05,6.53E-04,0,0.4,7.92E-05,8.16E-04,0,0.5,9.50E-05,9.80E-04,0,0.6,1.11E-04,0.00114278,0,0.7,1.27E-04,0.001306034,0,0.8,1.43E-04,0.001469289,0,0.9,1.58E-04,0.001632543,0,1
0.2,-9.25,-1.43E-10,1.08E-09,0,0,-1.37E-05,1.03E-04,0,0.1,-2.74E-05,2.06E-04,0,0.2,-4.12E-05,3.09E-04,0,0.3,-5.49E-05,4.12E-04,0,0.4,-6.86E-05,5.15E-04,0,0.5,-8.23E-05,6.19E-04,0,0.6,-9.61E-05,7.22E-04,0,0.7,-1.10E-04,8.25E-04,0,0.8,-1.24E-04,9.28E-04,0,0.9,-1.37E-04,0.001030866,0,1
0.6,-10,0,0,0,0,0,0,0,0.1,0,0,0,0.2,0,0,0,0.3,0,0,0,0.4,0,0,0,0.5,0,0,0,0.6,0,0,0,0.7,0,0,0,0.8,0,0,0,0.9,0,0,0,1
0.6,-9.625,-2.98E-10,5.32E-10,0,0,-2.86E-05,5.07E-05,0,0.1,-5.72E-05,1.01E-04,0,0.2,-8.58E-05,1.52E-04,0,0.3,-1.14E-04,2.03E-04,0,0.4,-1.43E-04,2.54E-04,0,0.5,-1.72E-04,3.04E-04,0,0.6,-2.00E-04,3.55E-04,0,0.7,-2.29E-04,4.06E-04,0,0.8,-2.57E-04,4.57E-04,0,0.9,-2.86E-04,5.07E-04,0,1
-1,-8.125,8.58E-10,3.04E-09,0,0,7.99E-05,2.86E-04,0,0.1,1.60E-04,5.73E-04,0,0.2,2.40E-04,8.59E-04,0,0.3,3.20E-04,0.001145691,0,0.4,4.00E-04,0.001432113,0,0.5,4.80E-04,0.001718536,0,0.6,5.59E-04,0.002004959,0,0.7,6.39E-04,0.002291381,0,0.8,7.19E-04,0.002577804,0,0.9,7.99E-04,0.002864227,0,1
-0.6,-8.125,5.25E-10,3.02E-09,0,0,4.90E-05,2.85E-04,0,0.1,9.80E-05,5.70E-04,0,0.2,1.47E-04,8.56E-04,0,0.3,1.96E-04,0.001140755,0,0.4,2.45E-04,0.001425944,0,0.5,2.94E-04,0.001711133,0,0.6,3.43E-04,0.001996321,0,0.7,3.92E-04,0.00228151,0,0.8,4.41E-04,0.002566699,0,0.9,4.90E-04,0.002851888,0,1
-0.2,-8.5,1.72E-10,2.36E-09,0,0,1.63E-05,2.24E-04,0,0.1,3.26E-05,4.48E-04,0,0.2,4.89E-05,6.72E-04,0,0.3,6.52E-05,8.96E-04,0,0.4,8.16E-05,0.001119678,0,0.5,9.79E-05,0.001343614,0,0.6,1.14E-04,0.00156755,0,0.7,1.30E-04,0.001791485,0,0.8,1.47E-04,0.002015421,0,0.9,1.63E-04,0.002239357,0,1
0.2,-8.875,-1.66E-10,1.71E-09,0,0,-1.58E-05,1.63E-04,0,0.1,-3.17E-05,3.27E-04,0,0.2,-4.75E-05,4.90E-04,0,0.3,-6.34E-05,6.53E-04,0,0.4,-7.92E-05,8.16E-04,0,0.5,-9.50E-05,9.80E-04,0,0.6,-1.11E-04,0.00114278,0,0.7,-1.27E-04,0.001306034,0,0.8,-1.43E-04,0.001469289,0,0.9,-1.58E-04,0.001632543,0,1
0.6,-9.25,-4.43E-10,1.13E-09,0,0,-4.24E-05,1.08E-04,0,0.1,-8.47E-05,2.16E-04,0,0.2,-1.27E-04,3.23E-04,0,0.3,-1.69E-04,4.31E-04,0,0.4,-2.12E-04,5.39E-04,0,0.5,-2.54E-04,6.47E-04,0,0.6,-2.97E-04,7.54E-04,0,0.7,-3.39E-04,8.62E-04,0,0.8,-3.81E-04,9.70E-04,0,0.9,-4.24E-04,0.001077644,0,1
1,-10,0,0,0,0,0,0,0,0.1,0,0,0,0.2,0,0,0,0.3,0,0,0,0.4,0,0,0,0.5,0,0,0,0.6,0,0,0,0.7,0,0,0,0.8,0,0,0,0.9,0,0,0,1
1,-9.625,-5.71E-10,6.96E-10,0,0,-5.46E-05,6.64E-05,0,0.1,-1.09E-04,1.33E-04,0,0.2,-1.64E-04,1.99E-04,0,0.3,-2.18E-04,2.65E-04,0,0.4,-2.73E-04,3.32E-04,0,0.5,-3.28E-04,3.98E-04,0,0.6,-3.82E-04,4.65E-04,0,0.7,-4.37E-04,5.31E-04,0,0.8,-4.92E-04,5.97E-04,0,0.9,-5.46E-04,6.64E-04,0,1
-1,-7.75,8.89E-10,3.67E-09,0,0,8.16E-05,3.45E-04,0,0.1,1.63E-04,6.89E-04,0,0.2,2.45E-04,0.001034186,0,0.3,3.27E-04,0.001378914,0,0.4,4.08E-04,0.001723643,0,0.5,4.90E-04,0.002068371,0,0.6,5.72E-04,0.0024131,0,0.7,6.53E-04,0.002757828,0,0.8,7.35E-04,0.003102557,0,0.9,8.16E-04,0.003447286,0,1
-0.6,-7.75,5.52E-10,3.66E-09,0,0,5.08E-05,3.44E-04,0,0.1,1.02E-04,6.89E-04,0,0.2,1.52E-04,0.001032861,0,0.3,2.03E-04,0.001377147,0,0.4,2.54E-04,0.001721434,0,0.5,3.05E-04,0.002065721,0,0.6,3.55E-04,0.002410008,0,0.7,4.06E-04,0.002754295,0,0.8,4.57E-04,0.003098582,0,0.9,5.08E-04,0.003442869,0,1
-0.2,-8.125,1.78E-10,3.00E-09,0,0,1.66E-05,2.85E-04,0,0.1,3.32E-05,5.69E-04,0,0.2,4.98E-05,8.54E-04,0,0.3,6.64E-05,0.001138186,0,0.4,8.30E-05,0.001422733,0,0.5,9.96E-05,0.001707279,0,0.6,1.16E-04,0.001991826,0,0.7,1.33E-04,0.002276372,0,0.8,1.49E-04,0.002560919,0,0.9,1.66E-04,0.002845465,0,1
0.2,-8.5,-1.72E-10,2.36E-09,0,0,-1.63E-05,2.24E-04,0,0.1,-3.26E-05,4.48E-04,0,0.2,-4.89E-05,6.72E-04,0,0.3,-6.52E-05,8.96E-04,0,0.4,-8.16E-05,0.001119678,0,0.5,-9.79E-05,0.001343614,0,0.6,-1.14E-04,0.00156755,0,0.7,-1.30E-04,0.001791485,0,0.8,-1.47E-04,0.002015421,0,0.9,-1.63E-04,0.002239357,0,1
0.6,-8.875,-4.96E-10,1.76E-09,0,0,-4.73E-05,1.67E-04,0,0.1,-9.45E-05,3.34E-04,0,0.2,-1.42E-04,5.01E-04,0,0.3,-1.89E-04,6.68E-04,0,0.4,-2.36E-04,8.35E-04,0,0.5,-2.84E-04,0.001002326,0,0.6,-3.31E-04,0.00116938,0,0.7,-3.78E-04,0.001336435,0,0.8,-4.25E-04,0.001503489,0,0.9,-4.73E-04,0.001670544,0,1
1,-9.25,-7.49E-10,1.24E-09,0,0,-7.16E-05,1.18E-04,0,0.1,-1.43E-04,2.36E-04,0,0.2,-2.15E-04,3.55E-04,0,0.3,-2.86E-04,4.73E-04,0,0.4,-3.58E-04,5.91E-04,0,0.5,-4.29E-04,7.09E-04,0,0.6,-5.01E-04,8.28E-04,0,0.7,-5.72E-04,9.46E-04,0,0.8,-6.44E-04,0.001064066,0,0.9,-7.16E-04,0.001182296,0,1
-1,-7.375,9.43E-10,4.30E-09,0,0,8.52E-05,4.01E-04,0,0.1,1.70E-04,8.03E-04,0,0.2,2.55E-04,0.001203912,0,0.3,3.41E-04,0.001605216,0,0.4,4.26E-04,0.00200652,0,0.5,5.11E-04,0.002407824,0,0.6,5.96E-04,0.002809128,0,0.7,6.81E-04,0.003210432,0,0.8,7.66E-04,0.003611736,0,0.9,8.52E-04,0.00401304,0,1
-0.6,-7.375,6.02E-10,4.31E-09,0,0,5.43E-05,4.04E-04,0,0.1,1.09E-04,8.08E-04,0,0.2,1.63E-04,0.001211323,0,0.3,2.17E-04,0.001615097,0,0.4,2.72E-04,0.002018871,0,0.5,3.26E-04,0.002422645,0,0.6,3.80E-04,0.00282642,0,0.7,4.35E-04,0.003230194,0,0.8,4.89E-04,0.003633968,0,0.9,5.43E-04,0.004037742,0,1
-0.2,-7.75,1.89E-10,3.67E-09,0,0,1.74E-05,3.46E-04,0,0.1,3.47E-05,6.91E-04,0,0.2,5.21E-05,0.00103696,0,0.3,6.95E-05,0.001382613,0,0.4,8.68E-05,0.001728266,0,0.5,1.04E-04,0.002073919,0,0.6,1.22E-04,0.002419572,0,0.7,1.39E-04,0.002765225,0,0.8,1.56E-04,0.003110879,0,0.9,1.74E-04,0.003456532,0,1
0.2,-8.125,-1.78E-10,3.00E-09,0,0,-1.66E-05,2.85E-04,0,0.1,-3.32E-05,5.69E-04,0,0.2,-4.98E-05,8.54E-04,0,0.3,-6.64E-05,0.001138186,0,0.4,-8.30E-05,0.001422733,0,0.5,-9.96E-05,0.001707279,0,0.6,-1.16E-04,0.001991826,0,0.7,-1.33E-04,0.002276372,0,0.8,-1.49E-04,0.002560919,0,0.9,-1.66E-04,0.002845465,0,1
0.6,-8.5,-5.11E-10,2.38E-09,0,0,-4.83E-05,2.26E-04,0,0.1,-9.66E-05,4.52E-04,0,0.2,-1.45E-04,6.78E-04,0,0.3,-1.93E-04,9.04E-04,0,0.4,-2.42E-04,0.001130446,0,0.5,-2.90E-04,0.001356535,0,0.6,-3.38E-04,0.001582624,0,0.7,-3.87E-04,0.001808713,0,0.8,-4.35E-04,0.002034802,0,0.9,-4.83E-04,0.002260891,0,1
1,-8.875,-8.15E-10,1.81E-09,0,0,-7.75E-05,1.72E-04,0,0.1,-1.55E-04,3.44E-04,0,0.2,-2.32E-04,5.15E-04,0,0.3,-3.10E-04,6.87E-04,0,0.4,-3.87E-04,8.59E-04,0,0.5,-4.65E-04,0.001030966,0,0.6,-5.42E-04,0.001202794,0,0.7,-6.20E-04,0.001374622,0,0.8,-6.97E-04,0.00154645,0,0.9,-7.75E-04,0.001718277,0,1
-1,-7,9.88E-10,4.82E-09,0,0,8.76E-05,4.48E-04,0,0.1,1.75E-04,8.96E-04,0,0.2,2.63E-04,0.001343684,0,0.3,3.50E-04,0.001791579,0,0.4,4.38E-04,0.002239473,0,0.5,5.25E-04,0.002687368,0,0.6,6.13E-04,0.003135263,0,0.7,7.01E-04,0.003583157,0,0.8,7.88E-04,0.004031052,0,0.9,8.76E-04,0.004478947,0,1
-0.6,-7,6.55E-10,4.99E-09,0,0,5.81E-05,4.65E-04,0,0.1,1.16E-04,9.29E-04,0,0.2,1.74E-04,0.001393793,0,0.3,2.32E-04,0.001858391,0,0.4,2.90E-04,0.002322988,0,0.5,3.49E-04,0.002787586,0,0.6,4.07E-04,0.003252183,0,0.7,4.65E-04,0.003716781,0,0.8,5.23E-04,0.004181379,0,0.9,5.81E-04,0.004645976,0,1
-0.2,-7.375,2.08E-10,4.36E-09,0,0,1.88E-05,4.09E-04,0,0.1,3.75E-05,8.17E-04,0,0.2,5.63E-05,0.001225842,0,0.3,7.50E-05,0.001634456,0,0.4,9.38E-05,0.00204307,0,0.5,1.13E-04,0.002451685,0,0.6,1.31E-04,0.002860299,0,0.7,1.50E-04,0.003268913,0,0.8,1.69E-04,0.003677527,0,0.9,1.88E-04,0.004086141,0,1
0.2,-7.75,-1.89E-10,3.67E-09,0,0,-1.74E-05,3.46E-04,0,0.1,-3.47E-05,6.91E-04,0,0.2,-5.21E-05,0.00103696,0,0.3,-6.95E-05,0.001382613,0,0.4,-8.68E-05,0.001728266,0,0.5,-1.04E-04,0.002073919,0,0.6,-1.22E-04,0.002419572,0,0.7,-1.39E-04,0.002765225,0,0.8,-1.56E-04,0.003110879,0,0.9,-1.74E-04,0.003456532,0,1
0.6,-8.125,-5.25E-10,3.02E-09,0,0,-4.90E-05,2.85E-04,0,0.1,-9.80E-05,5.70E-04,0,0.2,-1.47E-04,8.56E-04,0,0.3,-1.96E-04,0.001140755,0,0.4,-2.45E-04,0.001425944,0,0.5,-2.94E-04,0.001711133,0,0.6,-3.43E-04,0.001996321,0,0.7,-3.92E-04,0.00228151,0,0.8,-4.41E-04,0.002566699,0,0.9,-4.90E-04,0.002851888,0,1
1,-8.5,-8.38E-10,2.41E-09,0,0,-7.90E-05,2.28E-04,0,0.1,-1.58E-04,4.57E-04,0,0.2,-2.37E-04,6.85E-04,0,0.3,-3.16E-04,9.14E-04,0,0.4,-3.95E-04,0.001142001,0,0.5,-4.74E-04,0.001370401,0,0.6,-5.53E-04,0.001598801,0,0.7,-6.32E-04,0.001827202,0,0.8,-7.11E-04,0.002055602,0,0.9,-7.90E-04,0.002284002,0,1
-0.916666667,-6.666666667,9.45E-10,5.34E-09,0,0,8.23E-05,4.94E-04,0,0.1,1.65E-04,9.89E-04,0,0.2,2.47E-04,0.001482804,0,0.3,3.29E-04,0.001977072,0,0.4,4.12E-04,0.00247134,0,0.5,4.94E-04,0.002965607,0,0.6,5.76E-04,0.003459875,0,0.7,6.58E-04,0.003954143,0,0.8,7.41E-04,0.004448411,0,0.9,8.23E-04,0.004942679,0,1
-0.55,-6.666666667,6.20E-10,5.66E-09,0,0,5.39E-05,5.23E-04,0,0.1,1.08E-04,0.001046451,0,0.2,1.62E-04,0.001569676,0,0.3,2.16E-04,0.002092902,0,0.4,2.70E-04,0.002616127,0,0.5,3.24E-04,0.003139352,0,0.6,3.77E-04,0.003662578,0,0.7,4.31E-04,0.004185803,0,0.8,4.85E-04,0.004709029,0,0.9,5.39E-04,0.005232254,0,1
-0.2,-7,2.25E-10,5.10E-09,0,0,1.99E-05,4.75E-04,0,0.1,3.98E-05,9.49E-04,0,0.2,5.97E-05,0.001424117,0,0.3,7.96E-05,0.001898823,0,0.4,9.95E-05,0.002373529,0,0.5,1.19E-04,0.002848234,0,0.6,1.39E-04,0.00332294,0,0.7,1.59E-04,0.003797646,0,0.8,1.79E-04,0.004272351,0,0.9,1.99E-04,0.004747057,0,1
0.2,-7.375,-2.08E-10,4.36E-09,0,0,-1.88E-05,4.09E-04,0,0.1,-3.75E-05,8.17E-04,0,0.2,-5.63E-05,0.001225842,0,0.3,-7.50E-05,0.001634456,0,0.4,-9.38E-05,0.00204307,0,0.5,-1.13E-04,0.002451685,0,0.6,-1.31E-04,0.002860299,0,0.7,-1.50E-04,0.003268913,0,0.8,-1.69E-04,0.003677527,0,0.9,-1.88E-04,0.004086141,0,1
0.6,-7.75,-5.52E-10,3.66E-09,0,0,-5.08E-05,3.44E-04,0,0.1,-1.02E-04,6.89E-04,0,0.2,-1.52E-04,0.001032861,0,0.3,-2.03E-04,0.001377147,0,0.4,-2.54E-04,0.001721434,0,0.5,-3.05E-04,0.002065721,0,0.6,-3.55E-04,0.002410008,0,0.7,-4.06E-04,0.002754295,0,0.8,-4.57E-04,0.003098582,0,0.9,-5.08E-04,0.003442869,0,1
1,-8.125,-8.58E-10,3.04E-09,0,0,-7.99E-05,2.86E-04,0,0.1,-1.60E-04,5.73E-04,0,0.2,-2.40E-04,8.59E-04,0,0.3,-3.20E-04,0.001145691,0,0.4,-4.00E-04,0.001432113,0,0.5,-4.80E-04,0.001718536,0,0.6,-5.59E-04,0.002004959,0,0.7,-6.39E-04,0.002291381,0,0.8,-7.19E-04,0.002577804,0,0.9,-7.99E-04,0.002864227,0,1
-0.833333333,-6.333333333,9.11E-10,6.04E-09,0,0,7.79E-05,5.55E-04,0,0.1,1.56E-04,0.001110212,0,0.2,2.34E-04,0.001665318,0,0.3,3.11E-04,0.002220424,0,0.4,3.89E-04,0.00277553,0,0.5,4.67E-04,0.003330636,0,0.6,5.45E-04,0.003885742,0,0.7,6.23E-04,0.004440848,0,0.8,7.01E-04,0.004995954,0,0.9,7.79E-04,0.00555106,0,1
-0.5,-6.333333333,5.88E-10,6.39E-09,0,0,5.02E-05,5.86E-04,0,0.1,1.00E-04,0.001172945,0,0.2,1.51E-04,0.001759418,0,0.3,2.01E-04,0.00234589,0,0.4,2.51E-04,0.002932363,0,0.5,3.01E-04,0.003518836,0,0.6,3.51E-04,0.004105308,0,0.7,4.02E-04,0.004691781,0,0.8,4.52E-04,0.005278254,0,0.9,5.02E-04,0.005864726,0,1
-0.183333333,-6.666666667,2.15E-10,5.81E-09,0,0,1.87E-05,5.37E-04,0,0.1,3.75E-05,0.001073312,0,0.2,5.62E-05,0.001609968,0,0.3,7.49E-05,0.002146624,0,0.4,9.37E-05,0.002683279,0,0.5,1.12E-04,0.003219935,0,0.6,1.31E-04,0.003756591,0,0.7,1.50E-04,0.004293247,0,0.8,1.69E-04,0.004829903,0,0.9,1.87E-04,0.005366559,0,1
0.2,-7,-2.25E-10,5.10E-09,0,0,-1.99E-05,4.75E-04,0,0.1,-3.98E-05,9.49E-04,0,0.2,-5.97E-05,0.001424117,0,0.3,-7.96E-05,0.001898823,0,0.4,-9.95E-05,0.002373529,0,0.5,-1.19E-04,0.002848234,0,0.6,-1.39E-04,0.00332294,0,0.7,-1.59E-04,0.003797646,0,0.8,-1.79E-04,0.004272351,0,0.9,-1.99E-04,0.004747057,0,1
0.6,-7.375,-6.02E-10,4.31E-09,0,0,-5.43E-05,4.04E-04,0,0.1,-1.09E-04,8.08E-04,0,0.2,-1.63E-04,0.001211323,0,0.3,-2.17E-04,0.001615097,0,0.4,-2.72E-04,0.002018871,0,0.5,-3.26E-04,0.002422645,0,0.6,-3.80E-04,0.00282642,0,0.7,-4.35E-04,0.003230194,0,0.8,-4.89E-04,0.003633968,0,0.9,-5.43E-04,0.004037742,0,1
1,-7.75,-8.89E-10,3.67E-09,0,0,-8.16E-05,3.45E-04,0,0.1,-1.63E-04,6.89E-04,0,0.2,-2.45E-04,0.001034186,0,0.3,-3.27E-04,0.001378914,0,0.4,-4.08E-04,0.001723643,0,0.5,-4.90E-04,0.002068371,0,0.6,-5.72E-04,0.0024131,0,0.7,-6.53E-04,0.002757828,0,0.8,-7.35E-04,0.003102557,0,0.9,-8.16E-04,0.003447286,0,1
-0.75,-6,8.99E-10,6.84E-09,0,0,7.54E-05,6.24E-04,0,0.1,1.51E-04,0.001248463,0,0.2,2.26E-04,0.001872694,0,0.3,3.01E-04,0.002496926,0,0.4,3.77E-04,0.003121157,0,0.5,4.52E-04,0.003745388,0,0.6,5.27E-04,0.00436962,0,0.7,6.03E-04,0.004993851,0,0.8,6.78E-04,0.005618083,0,0.9,7.54E-04,0.006242314,0,1
-0.45,-6,5.73E-10,7.21E-09,0,0,4.79E-05,6.56E-04,0,0.1,9.58E-05,0.001311844,0,0.2,1.44E-04,0.001967766,0,0.3,1.92E-04,0.002623688,0,0.4,2.40E-04,0.00327961,0,0.5,2.87E-04,0.003935532,0,0.6,3.35E-04,0.004591454,0,0.7,3.83E-04,0.005247376,0,0.8,4.31E-04,0.005903298,0,0.9,4.79E-04,0.00655922,0,1
-0.166666667,-6.333333333,2.04E-10,6.57E-09,0,0,1.74E-05,6.02E-04,0,0.1,3.47E-05,0.001203955,0,0.2,5.21E-05,0.001805933,0,0.3,6.94E-05,0.002407911,0,0.4,8.68E-05,0.003009888,0,0.5,1.04E-04,0.003611866,0,0.6,1.22E-04,0.004213843,0,0.7,1.39E-04,0.004815821,0,0.8,1.56E-04,0.005417799,0,0.9,1.74E-04,0.006019776,0,1
0.183333333,-6.666666667,-2.15E-10,5.81E-09,0,0,-1.87E-05,5.37E-04,0,0.1,-3.75E-05,0.001073312,0,0.2,-5.62E-05,0.001609968,0,0.3,-7.49E-05,0.002146624,0,0.4,-9.37E-05,0.002683279,0,0.5,-1.12E-04,0.003219935,0,0.6,-1.31E-04,0.003756591,0,0.7,-1.50E-04,0.004293247,0,0.8,-1.69E-04,0.004829903,0,0.9,-1.87E-04,0.005366559,0,1
0.6,-7,-6.55E-10,4.99E-09,0,0,-5.81E-05,4.65E-04,0,0.1,-1.16E-04,9.29E-04,0,0.2,-1.74E-04,0.001393793,0,0.3,-2.32E-04,0.001858391,0,0.4,-2.90E-04,0.002322988,0,0.5,-3.49E-04,0.002787586,0,0.6,-4.07E-04,0.003252183,0,0.7,-4.65E-04,0.003716781,0,0.8,-5.23E-04,0.004181379,0,0.9,-5.81E-04,0.004645976,0,1
1,-7.375,-9.43E-10,4.30E-09,0,0,-8.52E-05,4.01E-04,0,0.1,-1.70E-04,8.03E-04,0,0.2,-2.55E-04,0.001203912,0,0.3,-3.41E-04,0.001605216,0,0.4,-4.26E-04,0.00200652,0,0.5,-5.11E-04,0.002407824,0,0.6,-5.96E-04,0.002809128,0,0.7,-6.81E-04,0.003210432,0,0.8,-7.66E-04,0.003611736,0,0.9,-8.52E-04,0.00401304,0,1
-0.666666667,-5.666666667,8.94E-10,7.77E-09,0,0,7.37E-05,7.02E-04,0,0.1,1.47E-04,0.001403766,0,0.2,2.21E-04,0.002105649,0,0.3,2.95E-04,0.002807532,0,0.4,3.68E-04,0.003509415,0,0.5,4.42E-04,0.004211298,0,0.6,5.16E-04,0.004913181,0,0.7,5.90E-04,0.005615064,0,0.8,6.63E-04,0.006316947,0,0.9,7.37E-04,0.00701883,0,1
-0.4,-5.666666667,5.62E-10,8.14E-09,0,0,4.62E-05,7.34E-04,0,0.1,9.24E-05,0.001467232,0,0.2,1.39E-04,0.002200847,0,0.3,1.85E-04,0.002934463,0,0.4,2.31E-04,0.003668079,0,0.5,2.77E-04,0.004401695,0,0.6,3.23E-04,0.00513531,0,0.7,3.70E-04,0.005868926,0,0.8,4.16E-04,0.006602542,0,0.9,4.62E-04,0.007336158,0,1
-0.15,-6,1.97E-10,7.40E-09,0,0,1.64E-05,6.72E-04,0,0.1,3.29E-05,0.001344547,0,0.2,4.93E-05,0.00201682,0,0.3,6.58E-05,0.002689093,0,0.4,8.22E-05,0.003361367,0,0.5,9.86E-05,0.00403364,0,0.6,1.15E-04,0.004705913,0,0.7,1.32E-04,0.005378187,0,0.8,1.48E-04,0.00605046,0,0.9,1.64E-04,0.006722734,0,1
0.166666667,-6.333333333,-2.04E-10,6.57E-09,0,0,-1.74E-05,6.02E-04,0,0.1,-3.47E-05,0.001203955,0,0.2,-5.21E-05,0.001805933,0,0.3,-6.94E-05,0.002407911,0,0.4,-8.68E-05,0.003009888,0,0.5,-1.04E-04,0.003611866,0,0.6,-1.22E-04,0.004213843,0,0.7,-1.39E-04,0.004815821,0,0.8,-1.56E-04,0.005417799,0,0.9,-1.74E-04,0.006019776,0,1
0.55,-6.666666667,-6.20E-10,5.66E-09,0,0,-5.39E-05,5.23E-04,0,0.1,-1.08E-04,0.001046451,0,0.2,-1.62E-04,0.001569676,0,0.3,-2.16E-04,0.002092902,0,0.4,-2.70E-04,0.002616127,0,0.5,-3.24E-04,0.003139352,0,0.6,-3.77E-04,0.003662578,0,0.7,-4.31E-04,0.004185803,0,0.8,-4.85E-04,0.004709029,0,0.9,-5.39E-04,0.005232254,0,1
1,-7,-9.88E-10,4.82E-09,0,0,-8.76E-05,4.48E-04,0,0.1,-1.75E-04,8.96E-04,0,0.2,-2.63E-04,0.001343684,0,0.3,-3.50E-04,0.001791579,0,0.4,-4.38E-04,0.002239473,0,0.5,-5.25E-04,0.002687368,0,0.6,-6.13E-04,0.003135263,0,0.7,-7.01E-04,0.003583157,0,0.8,-7.88E-04,0.004031052,0,0.9,-8.76E-04,0.004478947,0,1
-0.583333333,-5.333333333,8.64E-10,8.83E-09,0,0,7.01E-05,7.90E-04,0,0.1,1.40E-04,0.001579916,0,0.2,2.10E-04,0.002369874,0,0.3,2.80E-04,0.003159832,0,0.4,3.50E-04,0.00394979,0,0.5,4.21E-04,0.004739748,0,0.6,4.91E-04,0.005529705,0,0.7,5.61E-04,0.006319663,0,0.8,6.31E-04,0.007109621,0,0.9,7.01E-04,0.007899579,0,1
-0.35,-5.333333333,5.25E-10,9.21E-09,0,0,4.25E-05,8.22E-04,0,0.1,8.50E-05,0.001643062,0,0.2,1.27E-04,0.002464593,0,0.3,1.70E-04,0.003286124,0,0.4,2.12E-04,0.004107655,0,0.5,2.55E-04,0.004929186,0,0.6,2.97E-04,0.005750717,0,0.7,3.40E-04,0.006572248,0,0.8,3.82E-04,0.007393778,0,0.9,4.25E-04,0.008215309,0,1
-0.133333333,-5.666666667,1.90E-10,8.33E-09,0,0,1.56E-05,7.50E-04,0,0.1,3.13E-05,0.001499256,0,0.2,4.69E-05,0.002248885,0,0.3,6.25E-05,0.002998513,0,0.4,7.81E-05,0.003748141,0,0.5,9.38E-05,0.004497769,0,0.6,1.09E-04,0.005247398,0,0.7,1.25E-04,0.005997026,0,0.8,1.41E-04,0.006746654,0,0.9,1.56E-04,0.007496282,0,1
0.15,-6,-1.97E-10,7.40E-09,0,0,-1.64E-05,6.72E-04,0,0.1,-3.29E-05,0.001344547,0,0.2,-4.93E-05,0.00201682,0,0.3,-6.58E-05,0.002689093,0,0.4,-8.22E-05,0.003361367,0,0.5,-9.86E-05,0.00403364,0,0.6,-1.15E-04,0.004705913,0,0.7,-1.32E-04,0.005378187,0,0.8,-1.48E-04,0.00605046,0,0.9,-1.64E-04,0.006722734,0,1
0.5,-6.333333333,-5.88E-10,6.39E-09,0,0,-5.02E-05,5.86E-04,0,0.1,-1.00E-04,0.001172945,0,0.2,-1.51E-04,0.001759418,0,0.3,-2.01E-04,0.00234589,0,0.4,-2.51E-04,0.002932363,0,0.5,-3.01E-04,0.003518836,0,0.6,-3.51E-04,0.004105308,0,0.7,-4.02E-04,0.004691781,0,0.8,-4.52E-04,0.005278254,0,0.9,-5.02E-04,0.005864726,0,1
0.916666667,-6.666666667,-9.45E-10,5.34E-09,0,0,-8.23E-05,4.94E-04,0,0.1,-1.65E-04,9.89E-04,0,0.2,-2.47E-04,0.001482804,0,0.3,-3.29E-04,0.001977072,0,0.4,-4.12E-04,0.00247134,0,0.5,-4.94E-04,0.002965607,0,0.6,-5.76E-04,0.003459875,0,0.7,-6.58E-04,0.003954143,0,0.8,-7.41E-04,0.004448411,0,0.9,-8.23E-04,0.004942679,0,1
-0.5,-5,8.28E-10,1.03E-08,0,0,6.62E-05,9.06E-04,0,0.1,1.32E-04,0.001811849,0,0.2,1.99E-04,0.002717774,0,0.3,2.65E-04,0.003623699,0,0.4,3.31E-04,0.004529623,0,0.5,3.97E-04,0.005435548,0,0.6,4.63E-04,0.006341473,0,0.7,5.29E-04,0.007247397,0,0.8,5.96E-04,0.008153322,0,0.9,6.62E-04,0.009059247,0,1
-0.3,-5,4.52E-10,1.04E-08,0,0,3.61E-05,9.20E-04,0,0.1,7.22E-05,0.001840164,0,0.2,1.08E-04,0.002760246,0,0.3,1.44E-04,0.003680328,0,0.4,1.80E-04,0.00460041,0,0.5,2.17E-04,0.005520492,0,0.6,2.53E-04,0.006440574,0,0.7,2.89E-04,0.007360656,0,0.8,3.25E-04,0.008280738,0,0.9,3.61E-04,0.00920082,0,1
-0.116666667,-5.333333333,1.71E-10,9.37E-09,0,0,1.39E-05,8.35E-04,0,0.1,2.78E-05,0.001669695,0,0.2,4.16E-05,0.002504543,0,0.3,5.55E-05,0.00333939,0,0.4,6.94E-05,0.004174238,0,0.5,8.33E-05,0.005009085,0,0.6,9.72E-05,0.005843933,0,0.7,1.11E-04,0.00667878,0,0.8,1.25E-04,0.007513628,0,0.9,1.39E-04,0.008348475,0,1
0.133333333,-5.666666667,-1.90E-10,8.33E-09,0,0,-1.56E-05,7.50E-04,0,0.1,-3.13E-05,0.001499256,0,0.2,-4.69E-05,0.002248885,0,0.3,-6.25E-05,0.002998513,0,0.4,-7.81E-05,0.003748141,0,0.5,-9.38E-05,0.004497769,0,0.6,-1.09E-04,0.005247398,0,0.7,-1.25E-04,0.005997026,0,0.8,-1.41E-04,0.006746654,0,0.9,-1.56E-04,0.007496282,0,1
0.45,-6,-5.73E-10,7.21E-09,0,0,-4.79E-05,6.56E-04,0,0.1,-9.58E-05,0.001311844,0,0.2,-1.44E-04,0.001967766,0,0.3,-1.92E-04,0.002623688,0,0.4,-2.40E-04,0.00327961,0,0.5,-2.87E-04,0.003935532,0,0.6,-3.35E-04,0.004591454,0,0.7,-3.83E-04,0.005247376,0,0.8,-4.31E-04,0.005903298,0,0.9,-4.79E-04,0.00655922,0,1
0.833333333,-6.333333333,-9.11E-10,6.04E-09,0,0,-7.79E-05,5.55E-04,0,0.1,-1.56E-04,0.001110212,0,0.2,-2.34E-04,0.001665318,0,0.3,-3.11E-04,0.002220424,0,0.4,-3.89E-04,0.00277553,0,0.5,-4.67E-04,0.003330636,0,0.6,-5.45E-04,0.003885742,0,0.7,-6.23E-04,0.004440848,0,0.8,-7.01E-04,0.004995954,0,0.9,-7.79E-04,0.00555106,0,1
-0.5,-4.6,9.53E-10,1.20E-08,0,0,7.48E-05,0.001044934,0,0.1,1.50E-04,0.002089868,0,0.2,2.24E-04,0.003134802,0,0.3,2.99E-04,0.004179736,0,0.4,3.74E-04,0.00522467,0,0.5,4.49E-04,0.006269604,0,0.6,5.24E-04,0.007314538,0,0.7,5.99E-04,0.008359472,0,0.8,6.73E-04,0.009404406,0,0.9,7.48E-04,0.01044934,0,1
-0.3,-4.6,5.63E-10,1.20E-08,0,0,4.42E-05,0.001043578,0,0.1,8.84E-05,0.002087155,0,0.2,1.33E-04,0.003130733,0,0.3,1.77E-04,0.00417431,0,0.4,2.21E-04,0.005217888,0,0.5,2.65E-04,0.006261466,0,0.6,3.09E-04,0.007305043,0,0.7,3.54E-04,0.008348621,0,0.8,3.98E-04,0.009392198,0,0.9,4.42E-04,0.010435776,0,1
-0.1,-5,1.50E-10,1.05E-08,0,0,1.20E-05,9.26E-04,0,0.1,2.39E-05,0.001852081,0,0.2,3.59E-05,0.002778122,0,0.3,4.78E-05,0.003704163,0,0.4,5.98E-05,0.004630204,0,0.5,7.17E-05,0.005556244,0,0.6,8.37E-05,0.006482285,0,0.7,9.56E-05,0.007408326,0,0.8,1.08E-04,0.008334367,0,0.9,1.20E-04,0.009260407,0,1
0.116666667,-5.333333333,-1.71E-10,9.37E-09,0,0,-1.39E-05,8.35E-04,0,0.1,-2.78E-05,0.001669695,0,0.2,-4.16E-05,0.002504543,0,0.3,-5.55E-05,0.00333939,0,0.4,-6.94E-05,0.004174238,0,0.5,-8.33E-05,0.005009085,0,0.6,-9.72E-05,0.005843933,0,0.7,-1.11E-04,0.00667878,0,0.8,-1.25E-04,0.007513628,0,0.9,-1.39E-04,0.008348475,0,1
0.4,-5.666666667,-5.62E-10,8.14E-09,0,0,-4.62E-05,7.34E-04,0,0.1,-9.24E-05,0.001467232,0,0.2,-1.39E-04,0.002200847,0,0.3,-1.85E-04,0.002934463,0,0.4,-2.31E-04,0.003668079,0,0.5,-2.77E-04,0.004401695,0,0.6,-3.23E-04,0.00513531,0,0.7,-3.70E-04,0.005868926,0,0.8,-4.16E-04,0.006602542,0,0.9,-4.62E-04,0.007336158,0,1
0.75,-6,-8.99E-10,6.84E-09,0,0,-7.54E-05,6.24E-04,0,0.1,-1.51E-04,0.001248463,0,0.2,-2.26E-04,0.001872694,0,0.3,-3.01E-04,0.002496926,0,0.4,-3.77E-04,0.003121157,0,0.5,-4.52E-04,0.003745388,0,0.6,-5.27E-04,0.00436962,0,0.7,-6.03E-04,0.004993851,0,0.8,-6.78E-04,0.005618083,0,0.9,-7.54E-04,0.006242314,0,1
-0.5,-4.2,1.01E-09,1.36E-08,0,0,7.76E-05,0.001169817,0,0.1,1.55E-04,0.002339635,0,0.2,2.33E-04,0.003509452,0,0.3,3.10E-04,0.004679269,0,0.4,3.88E-04,0.005849087,0,0.5,4.65E-04,0.007018904,0,0.6,5.43E-04,0.008188721,0,0.7,6.20E-04,0.009358539,0,0.8,6.98E-04,0.010528356,0,0.9,7.76E-04,0.011698173,0,1
-0.3,-4.2,6.05E-10,1.36E-08,0,0,4.65E-05,0.001169561,0,0.1,9.31E-05,0.002339122,0,0.2,1.40E-04,0.003508683,0,0.3,1.86E-04,0.004678243,0,0.4,2.33E-04,0.005847804,0,0.5,2.79E-04,0.007017365,0,0.6,3.26E-04,0.008186926,0,0.7,3.72E-04,0.009356487,0,0.8,4.19E-04,0.010526048,0,0.9,4.65E-04,0.011695609,0,1
-0.1,-4.6,1.84E-10,1.20E-08,0,0,1.44E-05,0.001044056,0,0.1,2.88E-05,0.002088111,0,0.2,4.32E-05,0.003132167,0,0.3,5.76E-05,0.004176223,0,0.4,7.20E-05,0.005220278,0,0.5,8.64E-05,0.006264334,0,0.6,1.01E-04,0.00730839,0,0.7,1.15E-04,0.008352445,0,0.8,1.30E-04,0.009396501,0,0.9,1.44E-04,0.010440557,0,1
0.1,-5,-1.50E-10,1.05E-08,0,0,-1.20E-05,9.26E-04,0,0.1,-2.39E-05,0.001852081,0,0.2,-3.59E-05,0.002778122,0,0.3,-4.78E-05,0.003704163,0,0.4,-5.98E-05,0.004630204,0,0.5,-7.17E-05,0.005556244,0,0.6,-8.37E-05,0.006482285,0,0.7,-9.56E-05,0.007408326,0,0.8,-1.08E-04,0.008334367,0,0.9,-1.20E-04,0.009260407,0,1
0.35,-5.333333333,-5.25E-10,9.21E-09,0,0,-4.25E-05,8.22E-04,0,0.1,-8.50E-05,0.001643062,0,0.2,-1.27E-04,0.002464593,0,0.3,-1.70E-04,0.003286124,0,0.4,-2.12E-04,0.004107655,0,0.5,-2.55E-04,0.004929186,0,0.6,-2.97E-04,0.005750717,0,0.7,-3.40E-04,0.006572248,0,0.8,-3.82E-04,0.007393778,0,0.9,-4.25E-04,0.008215309,0,1
0.666666667,-5.666666667,-8.94E-10,7.77E-09,0,0,-7.37E-05,7.02E-04,0,0.1,-1.47E-04,0.001403766,0,0.2,-2.21E-04,0.002105649,0,0.3,-2.95E-04,0.002807532,0,0.4,-3.68E-04,0.003509415,0,0.5,-4.42E-04,0.004211298,0,0.6,-5.16E-04,0.004913181,0,0.7,-5.90E-04,0.005615064,0,0.8,-6.63E-04,0.006316947,0,0.9,-7.37E-04,0.00701883,0,1
-0.5,-3.8,1.03E-09,1.53E-08,0,0,7.77E-05,0.001295866,0,0.1,1.55E-04,0.002591733,0,0.2,2.33E-04,0.003887599,0,0.3,3.11E-04,0.005183466,0,0.4,3.89E-04,0.006479332,0,0.5,4.66E-04,0.007775198,0,0.6,5.44E-04,0.009071065,0,0.7,6.22E-04,0.010366931,0,0.8,7.00E-04,0.011662798,0,0.9,7.77E-04,0.012958664,0,1
-0.3,-3.8,6.21E-10,1.53E-08,0,0,4.67E-05,0.001295788,0,0.1,9.33E-05,0.002591576,0,0.2,1.40E-04,0.003887364,0,0.3,1.87E-04,0.005183152,0,0.4,2.33E-04,0.00647894,0,0.5,2.80E-04,0.007774728,0,0.6,3.27E-04,0.009070516,0,0.7,3.73E-04,0.010366304,0,0.8,4.20E-04,0.011662092,0,0.9,4.67E-04,0.01295788,0,1
-0.1,-4.2,2.01E-10,1.36E-08,0,0,1.55E-05,0.001169367,0,0.1,3.10E-05,0.002338735,0,0.2,4.65E-05,0.003508102,0,0.3,6.20E-05,0.00467747,0,0.4,7.75E-05,0.005846837,0,0.5,9.30E-05,0.007016205,0,0.6,1.08E-04,0.008185572,0,0.7,1.24E-04,0.00935494,0,0.8,1.39E-04,0.010524307,0,0.9,1.55E-04,0.011693675,0,1
0.1,-4.6,-1.84E-10,1.20E-08,0,0,-1.44E-05,0.001044056,0,0.1,-2.88E-05,0.002088111,0,0.2,-4.32E-05,0.003132167,0,0.3,-5.76E-05,0.004176223,0,0.4,-7.20E-05,0.005220278,0,0.5,-8.64E-05,0.006264334,0,0.6,-1.01E-04,0.00730839,0,0.7,-1.15E-04,0.008352445,0,0.8,-1.30E-04,0.009396501,0,0.9,-1.44E-04,0.010440557,0,1
0.3,-5,-4.52E-10,1.04E-08,0,0,-3.61E-05,9.20E-04,0,0.1,-7.22E-05,0.001840164,0,0.2,-1.08E-04,0.002760246,0,0.3,-1.44E-04,0.003680328,0,0.4,-1.80E-04,0.00460041,0,0.5,-2.17E-04,0.005520492,0,0.6,-2.53E-04,0.006440574,0,0.7,-2.89E-04,0.007360656,0,0.8,-3.25E-04,0.008280738,0,0.9,-3.61E-04,0.00920082,0,1
0.583333333,-5.333333333,-8.64E-10,8.83E-09,0,0,-7.01E-05,7.90E-04,0,0.1,-1.40E-04,0.001579916,0,0.2,-2.10E-04,0.002369874,0,0.3,-2.80E-04,0.003159832,0,0.4,-3.50E-04,0.00394979,0,0.5,-4.21E-04,0.004739748,0,0.6,-4.91E-04,0.005529705,0,0.7,-5.61E-04,0.006319663,0,0.8,-6.31E-04,0.007109621,0,0.9,-7.01E-04,0.007899579,0,1
-0.5,-3.4,1.06E-09,1.70E-08,0,0,7.77E-05,0.001421973,0,0.1,1.55E-04,0.002843946,0,0.2,2.33E-04,0.004265918,0,0.3,3.11E-04,0.005687891,0,0.4,3.89E-04,0.007109864,0,0.5,4.66E-04,0.008531837,0,0.6,5.44E-04,0.00995381,0,0.7,6.22E-04,0.011375782,0,0.8,6.99E-04,0.012797755,0,0.9,7.77E-04,0.014219728,0,1
-0.3,-3.4,6.36E-10,1.70E-08,0,0,4.66E-05,0.001421977,0,0.1,9.33E-05,0.002843955,0,0.2,1.40E-04,0.004265932,0,0.3,1.87E-04,0.00568791,0,0.4,2.33E-04,0.007109887,0,0.5,2.80E-04,0.008531864,0,0.6,3.26E-04,0.009953842,0,0.7,3.73E-04,0.011375819,0,0.8,4.20E-04,0.012797797,0,0.9,4.66E-04,0.014219774,0,1
-0.1,-3.8,2.07E-10,1.53E-08,0,0,1.56E-05,0.001295715,0,0.1,3.11E-05,0.002591429,0,0.2,4.67E-05,0.003887144,0,0.3,6.22E-05,0.005182858,0,0.4,7.78E-05,0.006478573,0,0.5,9.34E-05,0.007774287,0,0.6,1.09E-04,0.009070002,0,0.7,1.24E-04,0.010365716,0,0.8,1.40E-04,0.011661431,0,0.9,1.56E-04,0.012957145,0,1
0.1,-4.2,-2.01E-10,1.36E-08,0,0,-1.55E-05,0.001169367,0,0.1,-3.10E-05,0.002338735,0,0.2,-4.65E-05,0.003508102,0,0.3,-6.20E-05,0.00467747,0,0.4,-7.75E-05,0.005846837,0,0.5,-9.30E-05,0.007016205,0,0.6,-1.08E-04,0.008185572,0,0.7,-1.24E-04,0.00935494,0,0.8,-1.39E-04,0.010524307,0,0.9,-1.55E-04,0.011693675,0,1
0.3,-4.6,-5.63E-10,1.20E-08,0,0,-4.42E-05,0.001043578,0,0.1,-8.84E-05,0.002087155,0,0.2,-1.33E-04,0.003130733,0,0.3,-1.77E-04,0.00417431,0,0.4,-2.21E-04,0.005217888,0,0.5,-2.65E-04,0.006261466,0,0.6,-3.09E-04,0.007305043,0,0.7,-3.54E-04,0.008348621,0,0.8,-3.98E-04,0.009392198,0,0.9,-4.42E-04,0.010435776,0,1
0.5,-5,-8.28E-10,1.03E-08,0,0,-6.62E-05,9.06E-04,0,0.1,-1.32E-04,0.001811849,0,0.2,-1.99E-04,0.002717774,0,0.3,-2.65E-04,0.003623699,0,0.4,-3.31E-04,0.004529623,0,0.5,-3.97E-04,0.005435548,0,0.6,-4.63E-04,0.006341473,0,0.7,-5.29E-04,0.007247397,0,0.8,-5.96E-04,0.008153322,0,0.9,-6.62E-04,0.009059247,0,1
-0.5,-3,1.09E-09,1.87E-08,0,0,7.77E-05,0.001548178,0,0.1,1.55E-04,0.003096357,0,0.2,2.33E-04,0.004644535,0,0.3,3.11E-04,0.006192713,0,0.4,3.88E-04,0.007740891,0,0.5,4.66E-04,0.00928907,0,0.6,5.44E-04,0.010837248,0,0.7,6.22E-04,0.012385426,0,0.8,6.99E-04,0.013933605,0,0.9,7.77E-04,0.015481783,0,1
-0.3,-3,6.53E-10,1.87E-08,0,0,4.66E-05,0.001548179,0,0.1,9.32E-05,0.003096359,0,0.2,1.40E-04,0.004644538,0,0.3,1.86E-04,0.006192717,0,0.4,2.33E-04,0.007740896,0,0.5,2.80E-04,0.009289076,0,0.6,3.26E-04,0.010837255,0,0.7,3.73E-04,0.012385434,0,0.8,4.20E-04,0.013933614,0,0.9,4.66E-04,0.015481793,0,1
-0.1,-3.4,2.12E-10,1.70E-08,0,0,1.55E-05,0.001421968,0,0.1,3.11E-05,0.002843936,0,0.2,4.66E-05,0.004265904,0,0.3,6.22E-05,0.005687872,0,0.4,7.77E-05,0.007109839,0,0.5,9.33E-05,0.008531807,0,0.6,1.09E-04,0.009953775,0,0.7,1.24E-04,0.011375743,0,0.8,1.40E-04,0.012797711,0,0.9,1.55E-04,0.014219679,0,1
0.1,-3.8,-2.07E-10,1.53E-08,0,0,-1.56E-05,0.001295715,0,0.1,-3.11E-05,0.002591429,0,0.2,-4.67E-05,0.003887144,0,0.3,-6.22E-05,0.005182858,0,0.4,-7.78E-05,0.006478573,0,0.5,-9.34E-05,0.007774287,0,0.6,-1.09E-04,0.009070002,0,0.7,-1.24E-04,0.010365716,0,0.8,-1.40E-04,0.011661431,0,0.9,-1.56E-04,0.012957145,0,1
0.3,-4.2,-6.05E-10,1.36E-08,0,0,-4.65E-05,0.001169561,0,0.1,-9.31E-05,0.002339122,0,0.2,-1.40E-04,0.003508683,0,0.3,-1.86E-04,0.004678243,0,0.4,-2.33E-04,0.005847804,0,0.5,-2.79E-04,0.007017365,0,0.6,-3.26E-04,0.008186926,0,0.7,-3.72E-04,0.009356487,0,0.8,-4.19E-04,0.010526048,0,0.9,-4.65E-04,0.011695609,0,1
0.5,-4.6,-9.53E-10,1.20E-08,0,0,-7.48E-05,0.001044934,0,0.1,-1.50E-04,0.002089868,0,0.2,-2.24E-04,0.003134802,0,0.3,-2.99E-04,0.004179736,0,0.4,-3.74E-04,0.00522467,0,0.5,-4.49E-04,0.006269604,0,0.6,-5.24E-04,0.007314538,0,0.7,-5.99E-04,0.008359472,0,0.8,-6.73E-04,0.009404406,0,0.9,-7.48E-04,0.01044934,0,1
-0.5,-2.6,1.12E-09,2.05E-08,0,0,7.77E-05,0.001674379,0,0.1,1.55E-04,0.003348758,0,0.2,2.33E-04,0.005023137,0,0.3,3.11E-04,0.006697515,0,0.4,3.88E-04,0.008371894,0,0.5,4.66E-04,0.010046273,0,0.6,5.44E-04,0.011720652,0,0.7,6.22E-04,0.013395031,0,0.8,6.99E-04,0.01506941,0,0.9,7.77E-04,0.016743788,0,1
-0.3,-2.6,6.72E-10,2.05E-08,0,0,4.66E-05,0.001674379,0,0.1,9.32E-05,0.003348759,0,0.2,1.40E-04,0.005023138,0,0.3,1.86E-04,0.006697517,0,0.4,2.33E-04,0.008371897,0,0.5,2.80E-04,0.010046276,0,0.6,3.26E-04,0.011720656,0,0.7,3.73E-04,0.013395035,0,0.8,4.20E-04,0.015069414,0,0.9,4.66E-04,0.016743794,0,1
-0.1,-3,2.18E-10,1.87E-08,0,0,1.55E-05,0.00154818,0,0.1,3.11E-05,0.00309636,0,0.2,4.66E-05,0.00464454,0,0.3,6.22E-05,0.00619272,0,0.4,7.77E-05,0.0077409,0,0.5,9.32E-05,0.009289079,0,0.6,1.09E-04,0.010837259,0,0.7,1.24E-04,0.012385439,0,0.8,1.40E-04,0.013933619,0,0.9,1.55E-04,0.015481799,0,1
0.1,-3.4,-2.12E-10,1.70E-08,0,0,-1.55E-05,0.001421968,0,0.1,-3.11E-05,0.002843936,0,0.2,-4.66E-05,0.004265904,0,0.3,-6.22E-05,0.005687872,0,0.4,-7.77E-05,0.007109839,0,0.5,-9.33E-05,0.008531807,0,0.6,-1.09E-04,0.009953775,0,0.7,-1.24E-04,0.011375743,0,0.8,-1.40E-04,0.012797711,0,0.9,-1.55E-04,0.014219679,0,1
0.3,-3.8,-6.21E-10,1.53E-08,0,0,-4.67E-05,0.001295788,0,0.1,-9.33E-05,0.002591576,0,0.2,-1.40E-04,0.003887364,0,0.3,-1.87E-04,0.005183152,0,0.4,-2.33E-04,0.00647894,0,0.5,-2.80E-04,0.007774728,0,0.6,-3.27E-04,0.009070516,0,0.7,-3.73E-04,0.010366304,0,0.8,-4.20E-04,0.011662092,0,0.9,-4.67E-04,0.01295788,0,1
0.5,-4.2,-1.01E-09,1.36E-08,0,0,-7.76E-05,0.001169817,0,0.1,-1.55E-04,0.002339635,0,0.2,-2.33E-04,0.003509452,0,0.3,-3.10E-04,0.004679269,0,0.4,-3.88E-04,0.005849087,0,0.5,-4.65E-04,0.007018904,0,0.6,-5.43E-04,0.008188721,0,0.7,-6.20E-04,0.009358539,0,0.8,-6.98E-04,0.010528356,0,0.9,-7.76E-04,0.011698173,0,1
-0.5,-2.2,1.15E-09,2.24E-08,0,0,7.77E-05,0.00180058,0,0.1,1.55E-04,0.00360116,0,0.2,2.33E-04,0.00540174,0,0.3,3.11E-04,0.00720232,0,0.4,3.88E-04,0.0090029,0,0.5,4.66E-04,0.010803479,0,0.6,5.44E-04,0.012604059,0,0.7,6.22E-04,0.014404639,0,0.8,6.99E-04,0.016205219,0,0.9,7.77E-04,0.018005799,0,1
-0.3,-2.2,6.93E-10,2.24E-08,0,0,4.66E-05,0.00180058,0,0.1,9.32E-05,0.00360116,0,0.2,1.40E-04,0.00540174,0,0.3,1.86E-04,0.00720232,0,0.4,2.33E-04,0.0090029,0,0.5,2.80E-04,0.01080348,0,0.6,3.26E-04,0.012604059,0,0.7,3.73E-04,0.014404639,0,0.8,4.20E-04,0.016205219,0,0.9,4.66E-04,0.018005799,0,1
-0.1,-2.6,2.24E-10,2.05E-08,0,0,1.55E-05,0.00167438,0,0.1,3.11E-05,0.003348759,0,0.2,4.66E-05,0.005023139,0,0.3,6.22E-05,0.006697518,0,0.4,7.77E-05,0.008371898,0,0.5,9.32E-05,0.010046278,0,0.6,1.09E-04,0.011720657,0,0.7,1.24E-04,0.013395037,0,0.8,1.40E-04,0.015069417,0,0.9,1.55E-04,0.016743796,0,1
0.1,-3,-2.18E-10,1.87E-08,0,0,-1.55E-05,0.00154818,0,0.1,-3.11E-05,0.00309636,0,0.2,-4.66E-05,0.00464454,0,0.3,-6.22E-05,0.00619272,0,0.4,-7.77E-05,0.0077409,0,0.5,-9.32E-05,0.009289079,0,0.6,-1.09E-04,0.010837259,0,0.7,-1.24E-04,0.012385439,0,0.8,-1.40E-04,0.013933619,0,0.9,-1.55E-04,0.015481799,0,1
0.3,-3.4,-6.36E-10,1.70E-08,0,0,-4.66E-05,0.001421977,0,0.1,-9.33E-05,0.002843955,0,0.2,-1.40E-04,0.004265932,0,0.3,-1.87E-04,0.00568791,0,0.4,-2.33E-04,0.007109887,0,0.5,-2.80E-04,0.008531864,0,0.6,-3.26E-04,0.009953842,0,0.7,-3.73E-04,0.011375819,0,0.8,-4.20E-04,0.012797797,0,0.9,-4.66E-04,0.014219774,0,1
0.5,-3.8,-1.03E-09,1.53E-08,0,0,-7.77E-05,0.001295866,0,0.1,-1.55E-04,0.002591733,0,0.2,-2.33E-04,0.003887599,0,0.3,-3.11E-04,0.005183466,0,0.4,-3.89E-04,0.006479332,0,0.5,-4.66E-04,0.007775198,0,0.6,-5.44E-04,0.009071065,0,0.7,-6.22E-04,0.010366931,0,0.8,-7.00E-04,0.011662798,0,0.9,-7.77E-04,0.012958664,0,1
-0.5,-1.8,1.19E-09,2.43E-08,0,0,7.77E-05,0.00192678,0,0.1,1.55E-04,0.003853561,0,0.2,2.33E-04,0.005780341,0,0.3,3.11E-04,0.007707121,0,0.4,3.88E-04,0.009633902,0,0.5,4.66E-04,0.011560682,0,0.6,5.44E-04,0.013487463,0,0.7,6.22E-04,0.015414243,0,0.8,6.99E-04,0.017341023,0,0.9,7.77E-04,0.019267804,0,1
-0.3,-1.8,7.14E-10,2.43E-08,0,0,4.66E-05,0.00192678,0,0.1,9.32E-05,0.003853561,0,0.2,1.40E-04,0.005780341,0,0.3,1.86E-04,0.007707121,0,0.4,2.33E-04,0.009633902,0,0.5,2.80E-04,0.011560682,0,0.6,3.26E-04,0.013487463,0,0.7,3.73E-04,0.015414243,0,0.8,4.20E-04,0.017341023,0,0.9,4.66E-04,0.019267804,0,1
-0.1,-2.2,2.31E-10,2.24E-08,0,0,1.55E-05,0.00180058,0,0.1,3.11E-05,0.00360116,0,0.2,4.66E-05,0.00540174,0,0.3,6.22E-05,0.00720232,0,0.4,7.77E-05,0.0090029,0,0.5,9.32E-05,0.01080348,0,0.6,1.09E-04,0.01260406,0,0.7,1.24E-04,0.01440464,0,0.8,1.40E-04,0.01620522,0,0.9,1.55E-04,0.0180058,0,1
0.1,-2.6,-2.24E-10,2.05E-08,0,0,-1.55E-05,0.00167438,0,0.1,-3.11E-05,0.003348759,0,0.2,-4.66E-05,0.005023139,0,0.3,-6.22E-05,0.006697518,0,0.4,-7.77E-05,0.008371898,0,0.5,-9.32E-05,0.010046278,0,0.6,-1.09E-04,0.011720657,0,0.7,-1.24E-04,0.013395037,0,0.8,-1.40E-04,0.015069417,0,0.9,-1.55E-04,0.016743796,0,1
0.3,-3,-6.53E-10,1.87E-08,0,0,-4.66E-05,0.001548179,0,0.1,-9.32E-05,0.003096359,0,0.2,-1.40E-04,0.004644538,0,0.3,-1.86E-04,0.006192717,0,0.4,-2.33E-04,0.007740896,0,0.5,-2.80E-04,0.009289076,0,0.6,-3.26E-04,0.010837255,0,0.7,-3.73E-04,0.012385434,0,0.8,-4.20E-04,0.013933614,0,0.9,-4.66E-04,0.015481793,0,1
0.5,-3.4,-1.06E-09,1.70E-08,0,0,-7.77E-05,0.001421973,0,0.1,-1.55E-04,0.002843946,0,0.2,-2.33E-04,0.004265918,0,0.3,-3.11E-04,0.005687891,0,0.4,-3.89E-04,0.007109864,0,0.5,-4.66E-04,0.008531837,0,0.6,-5.44E-04,0.00995381,0,0.7,-6.22E-04,0.011375782,0,0.8,-6.99E-04,0.012797755,0,0.9,-7.77E-04,0.014219728,0,1
-0.5,-1.4,1.23E-09,2.63E-08,0,0,7.77E-05,0.002052981,0,0.1,1.55E-04,0.004105962,0,0.2,2.33E-04,0.006158942,0,0.3,3.11E-04,0.008211923,0,0.4,3.88E-04,0.010264904,0,0.5,4.66E-04,0.012317885,0,0.6,5.44E-04,0.014370866,0,0.7,6.22E-04,0.016423847,0,0.8,6.99E-04,0.018476827,0,0.9,7.77E-04,0.020529808,0,1
-0.3,-1.4,7.38E-10,2.62E-08,0,0,4.66E-05,0.002052981,0,0.1,9.32E-05,0.004105962,0,0.2,1.40E-04,0.006158942,0,0.3,1.86E-04,0.008211923,0,0.4,2.33E-04,0.010264904,0,0.5,2.80E-04,0.012317885,0,0.6,3.26E-04,0.014370866,0,0.7,3.73E-04,0.016423847,0,0.8,4.20E-04,0.018476827,0,0.9,4.66E-04,0.020529808,0,1
-0.1,-1.8,2.38E-10,2.43E-08,0,0,1.55E-05,0.00192678,0,0.1,3.11E-05,0.003853561,0,0.2,4.66E-05,0.005780341,0,0.3,6.22E-05,0.007707121,0,0.4,7.77E-05,0.009633902,0,0.5,9.32E-05,0.011560682,0,0.6,1.09E-04,0.013487462,0,0.7,1.24E-04,0.015414243,0,0.8,1.40E-04,0.017341023,0,0.9,1.55E-04,0.019267804,0,1
0.1,-2.2,-2.31E-10,2.24E-08,0,0,-1.55E-05,0.00180058,0,0.1,-3.11E-05,0.00360116,0,0.2,-4.66E-05,0.00540174,0,0.3,-6.22E-05,0.00720232,0,0.4,-7.77E-05,0.0090029,0,0.5,-9.32E-05,0.01080348,0,0.6,-1.09E-04,0.01260406,0,0.7,-1.24E-04,0.01440464,0,0.8,-1.40E-04,0.01620522,0,0.9,-1.55E-04,0.0180058,0,1
0.3,-2.6,-6.72E-10,2.05E-08,0,0,-4.66E-05,0.001674379,0,0.1,-9.32E-05,0.003348759,0,0.2,-1.40E-04,0.005023138,0,0.3,-1.86E-04,0.006697517,0,0.4,-2.33E-04,0.008371897,0,0.5,-2.80E-04,0.010046276,0,0.6,-3.26E-04,0.011720656,0,0.7,-3.73E-04,0.013395035,0,0.8,-4.20E-04,0.015069414,0,0.9,-4.66E-04,0.016743794,0,1
0.5,-3,-1.09E-09,1.87E-08,0,0,-7.77E-05,0.001548178,0,0.1,-1.55E-04,0.003096357,0,0.2,-2.33E-04,0.004644535,0,0.3,-3.11E-04,0.006192713,0,0.4,-3.88E-04,0.007740891,0,0.5,-4.66E-04,0.00928907,0,0.6,-5.44E-04,0.010837248,0,0.7,-6.22E-04,0.012385426,0,0.8,-6.99E-04,0.013933605,0,0.9,-7.77E-04,0.015481783,0,1
-0.5,-1,1.27E-09,2.83E-08,0,0,7.77E-05,0.002179181,0,0.1,1.55E-04,0.004358363,0,0.2,2.33E-04,0.006537544,0,0.3,3.11E-04,0.008716725,0,0.4,3.88E-04,0.010895906,0,0.5,4.66E-04,0.013075088,0,0.6,5.44E-04,0.015254269,0,0.7,6.22E-04,0.01743345,0,0.8,6.99E-04,0.019612631,0,0.9,7.77E-04,0.021791813,0,1
-0.3,-1,7.63E-10,2.83E-08,0,0,4.66E-05,0.002179181,0,0.1,9.32E-05,0.004358363,0,0.2,1.40E-04,0.006537544,0,0.3,1.86E-04,0.008716725,0,0.4,2.33E-04,0.010895906,0,0.5,2.80E-04,0.013075088,0,0.6,3.26E-04,0.015254269,0,0.7,3.73E-04,0.01743345,0,0.8,4.20E-04,0.019612631,0,0.9,4.66E-04,0.021791813,0,1
-0.1,-1.4,2.46E-10,2.62E-08,0,0,1.55E-05,0.002052981,0,0.1,3.11E-05,0.004105962,0,0.2,4.66E-05,0.006158942,0,0.3,6.22E-05,0.008211923,0,0.4,7.77E-05,0.010264904,0,0.5,9.32E-05,0.012317885,0,0.6,1.09E-04,0.014370866,0,0.7,1.24E-04,0.016423847,0,0.8,1.40E-04,0.018476827,0,0.9,1.55E-04,0.020529808,0,1
0.1,-1.8,-2.38E-10,2.43E-08,0,0,-1.55E-05,0.00192678,0,0.1,-3.11E-05,0.003853561,0,0.2,-4.66E-05,0.005780341,0,0.3,-6.22E-05,0.007707121,0,0.4,-7.77E-05,0.009633902,0,0.5,-9.32E-05,0.011560682,0,0.6,-1.09E-04,0.013487462,0,0.7,-1.24E-04,0.015414243,0,0.8,-1.40E-04,0.017341023,0,0.9,-1.55E-04,0.019267804,0,1
0.3,-2.2,-6.93E-10,2.24E-08,0,0,-4.66E-05,0.00180058,0,0.1,-9.32E-05,0.00360116,0,0.2,-1.40E-04,0.00540174,0,0.3,-1.86E-04,0.00720232,0,0.4,-2.33E-04,0.0090029,0,0.5,-2.80E-04,0.01080348,0,0.6,-3.26E-04,0.012604059,0,0.7,-3.73E-04,0.014404639,0,0.8,-4.20E-04,0.016205219,0,0.9,-4.66E-04,0.018005799,0,1
0.5,-2.6,-1.12E-09,2.05E-08,0,0,-7.77E-05,0.001674379,0,0.1,-1.55E-04,0.003348758,0,0.2,-2.33E-04,0.005023137,0,0.3,-3.11E-04,0.006697515,0,0.4,-3.88E-04,0.008371894,0,0.5,-4.66E-04,0.010046273,0,0.6,-5.44E-04,0.011720652,0,0.7,-6.22E-04,0.013395031,0,0.8,-6.99E-04,0.01506941,0,0.9,-7.77E-04,0.016743788,0,1
-0.5,-0.6,1.32E-09,3.04E-08,0,0,7.77E-05,0.002305382,0,0.1,1.55E-04,0.004610763,0,0.2,2.33E-04,0.006916145,0,0.3,3.11E-04,0.009221527,0,0.4,3.88E-04,0.011526909,0,0.5,4.66E-04,0.01383229,0,0.6,5.44E-04,0.016137672,0,0.7,6.22E-04,0.018443054,0,0.8,6.99E-04,0.020748436,0,0.9,7.77E-04,0.023053817,0,1
-0.3,-0.6,7.89E-10,3.04E-08,0,0,4.66E-05,0.002305382,0,0.1,9.32E-05,0.004610763,0,0.2,1.40E-04,0.006916145,0,0.3,1.86E-04,0.009221527,0,0.4,2.33E-04,0.011526909,0,0.5,2.80E-04,0.01383229,0,0.6,3.26E-04,0.016137672,0,0.7,3.73E-04,0.018443054,0,0.8,4.20E-04,0.020748436,0,0.9,4.66E-04,0.023053817,0,1
-0.1,-1,2.54E-10,2.83E-08,0,0,1.55E-05,0.002179181,0,0.1,3.11E-05,0.004358363,0,0.2,4.66E-05,0.006537544,0,0.3,6.22E-05,0.008716725,0,0.4,7.77E-05,0.010895906,0,0.5,9.32E-05,0.013075088,0,0.6,1.09E-04,0.015254269,0,0.7,1.24E-04,0.01743345,0,0.8,1.40E-04,0.019612631,0,0.9,1.55E-04,0.021791813,0,1
0.1,-1.4,-2.46E-10,2.62E-08,0,0,-1.55E-05,0.002052981,0,0.1,-3.11E-05,0.004105962,0,0.2,-4.66E-05,0.006158942,0,0.3,-6.22E-05,0.008211923,0,0.4,-7.77E-05,0.010264904,0,0.5,-9.32E-05,0.012317885,0,0.6,-1.09E-04,0.014370866,0,0.7,-1.24E-04,0.016423847,0,0.8,-1.40E-04,0.018476827,0,0.9,-1.55E-04,0.020529808,0,1
0.3,-1.8,-7.14E-10,2.43E-08,0,0,-4.66E-05,0.00192678,0,0.1,-9.32E-05,0.003853561,0,0.2,-1.40E-04,0.005780341,0,0.3,-1.86E-04,0.007707121,0,0.4,-2.33E-04,0.009633902,0,0.5,-2.80E-04,0.011560682,0,0.6,-3.26E-04,0.013487463,0,0.7,-3.73E-04,0.015414243,0,0.8,-4.20E-04,0.017341023,0,0.9,-4.66E-04,0.019267804,0,1
0.5,-2.2,-1.15E-09,2.24E-08,0,0,-7.77E-05,0.00180058,0,0.1,-1.55E-04,0.00360116,0,0.2,-2.33E-04,0.00540174,0,0.3,-3.11E-04,0.00720232,0,0.4,-3.88E-04,0.0090029,0,0.5,-4.66E-04,0.010803479,0,0.6,-5.44E-04,0.012604059,0,0.7,-6.22E-04,0.014404639,0,0.8,-6.99E-04,0.016205219,0,0.9,-7.77E-04,0.018005799,0,1
-0.5,-0.2,1.36E-09,3.26E-08,0,0,7.77E-05,0.002431582,0,0.1,1.55E-04,0.004863164,0,0.2,2.33E-04,0.007294747,0,0.3,3.11E-04,0.009726329,0,0.4,3.88E-04,0.012157911,0,0.5,4.66E-04,0.014589493,0,0.6,5.44E-04,0.017021075,0,0.7,6.22E-04,0.019452657,0,0.8,6.99E-04,0.02188424,0,0.9,7.77E-04,0.024315822,0,1
-0.3,-0.2,8.17E-10,3.26E-08,0,0,4.66E-05,0.002431582,0,0.1,9.32E-05,0.004863164,0,0.2,1.40E-04,0.007294747,0,0.3,1.86E-04,0.009726329,0,0.4,2.33E-04,0.012157911,0,0.5,2.80E-04,0.014589493,0,0.6,3.26E-04,0.017021075,0,0.7,3.73E-04,0.019452657,0,0.8,4.20E-04,0.02188424,0,0.9,4.66E-04,0.024315822,0,1
-0.1,-0.6,2.63E-10,3.04E-08,0,0,1.55E-05,0.002305382,0,0.1,3.11E-05,0.004610763,0,0.2,4.66E-05,0.006916145,0,0.3,6.22E-05,0.009221527,0,0.4,7.77E-05,0.011526909,0,0.5,9.32E-05,0.01383229,0,0.6,1.09E-04,0.016137672,0,0.7,1.24E-04,0.018443054,0,0.8,1.40E-04,0.020748436,0,0.9,1.55E-04,0.023053817,0,1
0.1,-1,-2.54E-10,2.83E-08,0,0,-1.55E-05,0.002179181,0,0.1,-3.11E-05,0.004358363,0,0.2,-4.66E-05,0.006537544,0,0.3,-6.22E-05,0.008716725,0,0.4,-7.77E-05,0.010895906,0,0.5,-9.32E-05,0.013075088,0,0.6,-1.09E-04,0.015254269,0,0.7,-1.24E-04,0.01743345,0,0.8,-1.40E-04,0.019612631,0,0.9,-1.55E-04,0.021791813,0,1
0.3,-1.4,-7.38E-10,2.62E-08,0,0,-4.66E-05,0.002052981,0,0.1,-9.32E-05,0.004105962,0,0.2,-1.40E-04,0.006158942,0,0.3,-1.86E-04,0.008211923,0,0.4,-2.33E-04,0.010264904,0,0.5,-2.80E-04,0.012317885,0,0.6,-3.26E-04,0.014370866,0,0.7,-3.73E-04,0.016423847,0,0.8,-4.20E-04,0.018476827,0,0.9,-4.66E-04,0.020529808,0,1
0.5,-1.8,-1.19E-09,2.43E-08,0,0,-7.77E-05,0.00192678,0,0.1,-1.55E-04,0.003853561,0,0.2,-2.33E-04,0.005780341,0,0.3,-3.11E-04,0.007707121,0,0.4,-3.88E-04,0.009633902,0,0.5,-4.66E-04,0.011560682,0,0.6,-5.44E-04,0.013487463,0,0.7,-6.22E-04,0.015414243,0,0.8,-6.99E-04,0.017341023,0,0.9,-7.77E-04,0.019267804,0,1
-0.5,0.2,1.41E-09,3.48E-08,0,0,7.77E-05,0.002557783,0,0.1,1.55E-04,0.005115565,0,0.2,2.33E-04,0.007673348,0,0.3,3.11E-04,0.010231131,0,0.4,3.88E-04,0.012788913,0,0.5,4.66E-04,0.015346696,0,0.6,5.44E-04,0.017904478,0,0.7,6.22E-04,0.020462261,0,0.8,6.99E-04,0.023020044,0,0.9,7.77E-04,0.025577826,0,1
-0.3,0.2,8.46E-10,3.48E-08,0,0,4.66E-05,0.002557783,0,0.1,9.32E-05,0.005115565,0,0.2,1.40E-04,0.007673348,0,0.3,1.86E-04,0.010231131,0,0.4,2.33E-04,0.012788913,0,0.5,2.80E-04,0.015346696,0,0.6,3.26E-04,0.017904478,0,0.7,3.73E-04,0.020462261,0,0.8,4.20E-04,0.023020044,0,0.9,4.66E-04,0.025577826,0,1
-0.1,-0.2,2.72E-10,3.25E-08,0,0,1.55E-05,0.002431582,0,0.1,3.11E-05,0.004863164,0,0.2,4.66E-05,0.007294747,0,0.3,6.22E-05,0.009726329,0,0.4,7.77E-05,0.012157911,0,0.5,9.32E-05,0.014589493,0,0.6,1.09E-04,0.017021075,0,0.7,1.24E-04,0.019452657,0,0.8,1.40E-04,0.02188424,0,0.9,1.55E-04,0.024315822,0,1
0.1,-0.6,-2.63E-10,3.04E-08,0,0,-1.55E-05,0.002305382,0,0.1,-3.11E-05,0.004610763,0,0.2,-4.66E-05,0.006916145,0,0.3,-6.22E-05,0.009221527,0,0.4,-7.77E-05,0.011526909,0,0.5,-9.32E-05,0.01383229,0,0.6,-1.09E-04,0.016137672,0,0.7,-1.24E-04,0.018443054,0,0.8,-1.40E-04,0.020748436,0,0.9,-1.55E-04,0.023053817,0,1
0.3,-1,-7.63E-10,2.83E-08,0,0,-4.66E-05,0.002179181,0,0.1,-9.32E-05,0.004358363,0,0.2,-1.40E-04,0.006537544,0,0.3,-1.86E-04,0.008716725,0,0.4,-2.33E-04,0.010895906,0,0.5,-2.80E-04,0.013075088,0,0.6,-3.26E-04,0.015254269,0,0.7,-3.73E-04,0.01743345,0,0.8,-4.20E-04,0.019612631,0,0.9,-4.66E-04,0.021791813,0,1
0.5,-1.4,-1.23E-09,2.63E-08,0,0,-7.77E-05,0.002052981,0,0.1,-1.55E-04,0.004105962,0,0.2,-2.33E-04,0.006158942,0,0.3,-3.11E-04,0.008211923,0,0.4,-3.88E-04,0.010264904,0,0.5,-4.66E-04,0.012317885,0,0.6,-5.44E-04,0.014370866,0,0.7,-6.22E-04,0.016423847,0,0.8,-6.99E-04,0.018476827,0,0.9,-7.77E-04,0.020529808,0,1
-0.5,0.6,1.46E-09,3.72E-08,0,0,7.77E-05,0.002683983,0,0.1,1.55E-04,0.005367966,0,0.2,2.33E-04,0.008051949,0,0.3,3.11E-04,0.010735932,0,0.4,3.88E-04,0.013419915,0,0.5,4.66E-04,0.016103899,0,0.6,5.44E-04,0.018787882,0,0.7,6.22E-04,0.021471865,0,0.8,6.99E-04,0.024155848,0,0.9,7.77E-04,0.026839831,0,1
-0.3,0.6,8.76E-10,3.71E-08,0,0,4.66E-05,0.002683983,0,0.1,9.32E-05,0.005367966,0,0.2,1.40E-04,0.008051949,0,0.3,1.86E-04,0.010735932,0,0.4,2.33E-04,0.013419915,0,0.5,2.80E-04,0.016103899,0,0.6,3.26E-04,0.018787882,0,0.7,3.73E-04,0.021471865,0,0.8,4.20E-04,0.024155848,0,0.9,4.66E-04,0.026839831,0,1
-0.1,0.2,2.82E-10,3.48E-08,0,0,1.55E-05,0.002557783,0,0.1,3.11E-05,0.005115565,0,0.2,4.66E-05,0.007673348,0,0.3,6.22E-05,0.010231131,0,0.4,7.77E-05,0.012788913,0,0.5,9.32E-05,0.015346696,0,0.6,1.09E-04,0.017904478,0,0.7,1.24E-04,0.020462261,0,0.8,1.40E-04,0.023020044,0,0.9,1.55E-04,0.025577826,0,1
0.1,-0.2,-2.72E-10,3.25E-08,0,0,-1.55E-05,0.002431582,0,0.1,-3.11E-05,0.004863164,0,0.2,-4.66E-05,0.007294747,0,0.3,-6.22E-05,0.009726329,0,0.4,-7.77E-05,0.012157911,0,0.5,-9.32E-05,0.014589493,0,0.6,-1.09E-04,0.017021075,0,0.7,-1.24E-04,0.019452657,0,0.8,-1.40E-04,0.02188424,0,0.9,-1.55E-04,0.024315822,0,1
0.3,-0.6,-7.89E-10,3.04E-08,0,0,-4.66E-05,0.002305382,0,0.1,-9.32E-05,0.004610763,0,0.2,-1.40E-04,0.006916145,0,0.3,-1.86E-04,0.009221527,0,0.4,-2.33E-04,0.011526909,0,0.5,-2.80E-04,0.01383229,0,0.6,-3.26E-04,0.016137672,0,0.7,-3.73E-04,0.018443054,0,0.8,-4.20E-04,0.020748436,0,0.9,-4.66E-04,0.023053817,0,1
0.5,-1,-1.27E-09,2.83E-08,0,0,-7.77E-05,0.002179181,0,0.1,-1.55E-04,0.004358363,0,0.2,-2.33E-04,0.006537544,0,0.3,-3.11E-04,0.008716725,0,0.4,-3.88E-04,0.010895906,0,0.5,-4.66E-04,0.013075088,0,0.6,-5.44E-04,0.015254269,0,0.7,-6.22E-04,0.01743345,0,0.8,-6.99E-04,0.019612631,0,0.9,-7.77E-04,0.021791813,0,1
-0.5,1,1.51E-09,3.96E-08,0,0,7.77E-05,0.002810184,0,0.1,1.55E-04,0.005620367,0,0.2,2.33E-04,0.008430551,0,0.3,3.11E-04,0.011240734,0,0.4,3.88E-04,0.014050918,0,0.5,4.66E-04,0.016861101,0,0.6,5.44E-04,0.019671285,0,0.7,6.22E-04,0.022481468,0,0.8,6.99E-04,0.025291652,0,0.9,7.77E-04,0.028101835,0,1
-0.3,1,9.08E-10,3.96E-08,0,0,4.66E-05,0.002810184,0,0.1,9.32E-05,0.005620367,0,0.2,1.40E-04,0.008430551,0,0.3,1.86E-04,0.011240734,0,0.4,2.33E-04,0.014050918,0,0.5,2.80E-04,0.016861101,0,0.6,3.26E-04,0.019671285,0,0.7,3.73E-04,0.022481468,0,0.8,4.20E-04,0.025291652,0,0.9,4.66E-04,0.028101836,0,1
-0.1,0.6,2.92E-10,3.71E-08,0,0,1.55E-05,0.002683983,0,0.1,3.11E-05,0.005367966,0,0.2,4.66E-05,0.008051949,0,0.3,6.22E-05,0.010735932,0,0.4,7.77E-05,0.013419915,0,0.5,9.32E-05,0.016103899,0,0.6,1.09E-04,0.018787882,0,0.7,1.24E-04,0.021471865,0,0.8,1.40E-04,0.024155848,0,0.9,1.55E-04,0.026839831,0,1
0.1,0.2,-2.82E-10,3.48E-08,0,0,-1.55E-05,0.002557783,0,0.1,-3.11E-05,0.005115565,0,0.2,-4.66E-05,0.007673348,0,0.3,-6.22E-05,0.010231131,0,0.4,-7.77E-05,0.012788913,0,0.5,-9.32E-05,0.015346696,0,0.6,-1.09E-04,0.017904478,0,0.7,-1.24E-04,0.020462261,0,0.8,-1.40E-04,0.023020044,0,0.9,-1.55E-04,0.025577826,0,1
0.3,-0.2,-8.17E-10,3.26E-08,0,0,-4.66E-05,0.002431582,0,0.1,-9.32E-05,0.004863164,0,0.2,-1.40E-04,0.007294747,0,0.3,-1.86E-04,0.009726329,0,0.4,-2.33E-04,0.012157911,0,0.5,-2.80E-04,0.014589493,0,0.6,-3.26E-04,0.017021075,0,0.7,-3.73E-04,0.019452657,0,0.8,-4.20E-04,0.02188424,0,0.9,-4.66E-04,0.024315822,0,1
0.5,-0.6,-1.32E-09,3.04E-08,0,0,-7.77E-05,0.002305382,0,0.1,-1.55E-04,0.004610763,0,0.2,-2.33E-04,0.006916145,0,0.3,-3.11E-04,0.009221527,0,0.4,-3.88E-04,0.011526909,0,0.5,-4.66E-04,0.01383229,0,0.6,-5.44E-04,0.016137672,0,0.7,-6.22E-04,0.018443054,0,0.8,-6.99E-04,0.020748436,0,0.9,-7.77E-04,0.023053817,0,1
-0.5,1.4,1.57E-09,4.21E-08,0,0,7.77E-05,0.002936384,0,0.1,1.55E-04,0.005872768,0,0.2,2.33E-04,0.008809152,0,0.3,3.11E-04,0.011745536,0,0.4,3.88E-04,0.01468192,0,0.5,4.66E-04,0.017618304,0,0.6,5.44E-04,0.020554688,0,0.7,6.22E-04,0.023491072,0,0.8,6.99E-04,0.026427456,0,0.9,7.77E-04,0.02936384,0,1
-0.3,1.4,9.41E-10,4.21E-08,0,0,4.66E-05,0.002936384,0,0.1,9.32E-05,0.005872768,0,0.2,1.40E-04,0.008809152,0,0.3,1.86E-04,0.011745536,0,0.4,2.33E-04,0.01468192,0,0.5,2.80E-04,0.017618304,0,0.6,3.26E-04,0.020554688,0,0.7,3.73E-04,0.023491072,0,0.8,4.20E-04,0.026427456,0,0.9,4.66E-04,0.02936384,0,1
-0.1,1,3.03E-10,3.95E-08,0,0,1.55E-05,0.002810184,0,0.1,3.11E-05,0.005620367,0,0.2,4.66E-05,0.008430551,0,0.3,6.22E-05,0.011240734,0,0.4,7.77E-05,0.014050918,0,0.5,9.32E-05,0.016861101,0,0.6,1.09E-04,0.019671285,0,0.7,1.24E-04,0.022481468,0,0.8,1.40E-04,0.025291652,0,0.9,1.55E-04,0.028101836,0,1
0.1,0.6,-2.92E-10,3.71E-08,0,0,-1.55E-05,0.002683983,0,0.1,-3.11E-05,0.005367966,0,0.2,-4.66E-05,0.008051949,0,0.3,-6.22E-05,0.010735932,0,0.4,-7.77E-05,0.013419915,0,0.5,-9.32E-05,0.016103899,0,0.6,-1.09E-04,0.018787882,0,0.7,-1.24E-04,0.021471865,0,0.8,-1.40E-04,0.024155848,0,0.9,-1.55E-04,0.026839831,0,1
0.3,0.2,-8.46E-10,3.48E-08,0,0,-4.66E-05,0.002557783,0,0.1,-9.32E-05,0.005115565,0,0.2,-1.40E-04,0.007673348,0,0.3,-1.86E-04,0.010231131,0,0.4,-2.33E-04,0.012788913,0,0.5,-2.80E-04,0.015346696,0,0.6,-3.26E-04,0.017904478,0,0.7,-3.73E-04,0.020462261,0,0.8,-4.20E-04,0.023020044,0,0.9,-4.66E-04,0.025577826,0,1
0.5,-0.2,-1.36E-09,3.26E-08,0,0,-7.77E-05,0.002431582,0,0.1,-1.55E-04,0.004863164,0,0.2,-2.33E-04,0.007294747,0,0.3,-3.11E-04,0.009726329,0,0.4,-3.88E-04,0.012157911,0,0.5,-4.66E-04,0.014589493,0,0.6,-5.44E-04,0.017021075,0,0.7,-6.22E-04,0.019452657,0,0.8,-6.99E-04,0.02188424,0,0.9,-7.77E-04,0.024315822,0,1
-0.5,1.8,1.62E-09,4.47E-08,0,0,7.77E-05,0.003062584,0,0.1,1.55E-04,0.006125169,0,0.2,2.33E-04,0.009187753,0,0.3,3.11E-04,0.012250338,0,0.4,3.88E-04,0.015312922,0,0.5,4.66E-04,0.018375507,0,0.6,5.44E-04,0.021438091,0,0.7,6.22E-04,0.024500676,0,0.8,6.99E-04,0.02756326,0,0.9,7.77E-04,0.030625845,0,1
-0.3,1.8,9.75E-10,4.47E-08,0,0,4.66E-05,0.003062584,0,0.1,9.32E-05,0.006125169,0,0.2,1.40E-04,0.009187753,0,0.3,1.86E-04,0.012250338,0,0.4,2.33E-04,0.015312922,0,0.5,2.80E-04,0.018375507,0,0.6,3.26E-04,0.021438091,0,0.7,3.73E-04,0.024500676,0,0.8,4.20E-04,0.02756326,0,0.9,4.66E-04,0.030625845,0,1
-0.1,1.4,3.13E-10,4.20E-08,0,0,1.55E-05,0.002936384,0,0.1,3.11E-05,0.005872768,0,0.2,4.66E-05,0.008809152,0,0.3,6.22E-05,0.011745536,0,0.4,7.77E-05,0.01468192,0,0.5,9.32E-05,0.017618304,0,0.6,1.09E-04,0.020554688,0,0.7,1.24E-04,0.023491072,0,0.8,1.40E-04,0.026427456,0,0.9,1.55E-04,0.02936384,0,1
0.1,1,-3.03E-10,3.95E-08,0,0,-1.55E-05,0.002810184,0,0.1,-3.11E-05,0.005620367,0,0.2,-4.66E-05,0.008430551,0,0.3,-6.22E-05,0.011240734,0,0.4,-7.77E-05,0.014050918,0,0.5,-9.32E-05,0.016861101,0,0.6,-1.09E-04,0.019671285,0,0.7,-1.24E-04,0.022481468,0,0.8,-1.40E-04,0.025291652,0,0.9,-1.55E-04,0.028101836,0,1
0.3,0.6,-8.76E-10,3.71E-08,0,0,-4.66E-05,0.002683983,0,0.1,-9.32E-05,0.005367966,0,0.2,-1.40E-04,0.008051949,0,0.3,-1.86E-04,0.010735932,0,0.4,-2.33E-04,0.013419915,0,0.5,-2.80E-04,0.016103899,0,0.6,-3.26E-04,0.018787882,0,0.7,-3.73E-04,0.021471865,0,0.8,-4.20E-04,0.024155848,0,0.9,-4.66E-04,0.026839831,0,1
0.5,0.2,-1.41E-09,3.48E-08,0,0,-7.77E-05,0.002557783,0,0.1,-1.55E-04,0.005115565,0,0.2,-2.33E-04,0.007673348,0,0.3,-3.11E-04,0.010231131,0,0.4,-3.88E-04,0.012788913,0,0.5,-4.66E-04,0.015346696,0,0.6,-5.44E-04,0.017904478,0,0.7,-6.22E-04,0.020462261,0,0.8,-6.99E-04,0.023020044,0,0.9,-7.77E-04,0.025577826,0,1
-0.5,2.2,1.68E-09,4.74E-08,0,0,7.77E-05,0.003188785,0,0.1,1.55E-04,0.00637757,0,0.2,2.33E-04,0.009566355,0,0.3,3.11E-04,0.01275514,0,0.4,3.88E-04,0.015943925,0,0.5,4.66E-04,0.01913271,0,0.6,5.44E-04,0.022321494,0,0.7,6.22E-04,0.025510279,0,0.8,6.99E-04,0.028699064,0,0.9,7.77E-04,0.031887849,0,1
-0.3,2.2,1.01E-09,4.73E-08,0,0,4.66E-05,0.003188785,0,0.1,9.32E-05,0.00637757,0,0.2,1.40E-04,0.009566355,0,0.3,1.86E-04,0.01275514,0,0.4,2.33E-04,0.015943925,0,0.5,2.80E-04,0.019132709,0,0.6,3.26E-04,0.022321494,0,0.7,3.73E-04,0.025510279,0,0.8,4.20E-04,0.028699064,0,0.9,4.66E-04,0.031887849,0,1
-0.1,1.8,3.25E-10,4.46E-08,0,0,1.55E-05,0.003062584,0,0.1,3.11E-05,0.006125169,0,0.2,4.66E-05,0.009187753,0,0.3,6.22E-05,0.012250338,0,0.4,7.77E-05,0.015312922,0,0.5,9.32E-05,0.018375507,0,0.6,1.09E-04,0.021438091,0,0.7,1.24E-04,0.024500676,0,0.8,1.40E-04,0.02756326,0,0.9,1.55E-04,0.030625845,0,1
0.1,1.4,-3.13E-10,4.20E-08,0,0,-1.55E-05,0.002936384,0,0.1,-3.11E-05,0.005872768,0,0.2,-4.66E-05,0.008809152,0,0.3,-6.22E-05,0.011745536,0,0.4,-7.77E-05,0.01468192,0,0.5,-9.32E-05,0.017618304,0,0.6,-1.09E-04,0.020554688,0,0.7,-1.24E-04,0.023491072,0,0.8,-1.40E-04,0.026427456,0,0.9,-1.55E-04,0.02936384,0,1
0.3,1,-9.08E-10,3.96E-08,0,0,-4.66E-05,0.002810184,0,0.1,-9.32E-05,0.005620367,0,0.2,-1.40E-04,0.008430551,0,0.3,-1.86E-04,0.011240734,0,0.4,-2.33E-04,0.014050918,0,0.5,-2.80E-04,0.016861101,0,0.6,-3.26E-04,0.019671285,0,0.7,-3.73E-04,0.022481468,0,0.8,-4.20E-04,0.025291652,0,0.9,-4.66E-04,0.028101836,0,1
0.5,0.6,-1.46E-09,3.72E-08,0,0,-7.77E-05,0.002683983,0,0.1,-1.55E-04,0.005367966,0,0.2,-2.33E-04,0.008051949,0,0.3,-3.11E-04,0.010735932,0,0.4,-3.88E-04,0.013419915,0,0.5,-4.66E-04,0.016103899,0,0.6,-5.44E-04,0.018787882,0,0.7,-6.22E-04,0.021471865,0,0.8,-6.99E-04,0.024155848,0,0.9,-7.77E-04,0.026839831,0,1
-0.5,2.6,1.74E-09,5.01E-08,0,0,7.77E-05,0.003314986,0,0.1,1.55E-04,0.006629972,0,0.2,2.33E-04,0.009944958,0,0.3,3.11E-04,0.013259944,0,0.4,3.88E-04,0.01657493,0,0.5,4.66E-04,0.019889916,0,0.6,5.44E-04,0.023204902,0,0.7,6.22E-04,0.026519888,0,0.8,6.99E-04,0.029834874,0,0.9,7.77E-04,0.03314986,0,1
-0.3,2.6,1.05E-09,5.01E-08,0,0,4.66E-05,0.003314985,0,0.1,9.32E-05,0.006629971,0,0.2,1.40E-04,0.009944956,0,0.3,1.86E-04,0.013259942,0,0.4,2.33E-04,0.016574927,0,0.5,2.80E-04,0.019889913,0,0.6,3.26E-04,0.023204898,0,0.7,3.73E-04,0.026519884,0,0.8,4.20E-04,0.029834869,0,0.9,4.66E-04,0.033149855,0,1
-0.1,2.2,3.37E-10,4.73E-08,0,0,1.55E-05,0.003188785,0,0.1,3.11E-05,0.00637757,0,0.2,4.66E-05,0.009566354,0,0.3,6.22E-05,0.012755139,0,0.4,7.77E-05,0.015943924,0,0.5,9.32E-05,0.019132709,0,0.6,1.09E-04,0.022321494,0,0.7,1.24E-04,0.025510278,0,0.8,1.40E-04,0.028699063,0,0.9,1.55E-04,0.031887848,0,1
0.1,1.8,-3.25E-10,4.46E-08,0,0,-1.55E-05,0.003062584,0,0.1,-3.11E-05,0.006125169,0,0.2,-4.66E-05,0.009187753,0,0.3,-6.22E-05,0.012250338,0,0.4,-7.77E-05,0.015312922,0,0.5,-9.32E-05,0.018375507,0,0.6,-1.09E-04,0.021438091,0,0.7,-1.24E-04,0.024500676,0,0.8,-1.40E-04,0.02756326,0,0.9,-1.55E-04,0.030625845,0,1
0.3,1.4,-9.41E-10,4.21E-08,0,0,-4.66E-05,0.002936384,0,0.1,-9.32E-05,0.005872768,0,0.2,-1.40E-04,0.008809152,0,0.3,-1.86E-04,0.011745536,0,0.4,-2.33E-04,0.01468192,0,0.5,-2.80E-04,0.017618304,0,0.6,-3.26E-04,0.020554688,0,0.7,-3.73E-04,0.023491072,0,0.8,-4.20E-04,0.026427456,0,0.9,-4.66E-04,0.02936384,0,1
0.5,1,-1.51E-09,3.96E-08,0,0,-7.77E-05,0.002810184,0,0.1,-1.55E-04,0.005620367,0,0.2,-2.33E-04,0.008430551,0,0.3,-3.11E-04,0.011240734,0,0.4,-3.88E-04,0.014050918,0,0.5,-4.66E-04,0.016861101,0,0.6,-5.44E-04,0.019671285,0,0.7,-6.22E-04,0.022481468,0,0.8,-6.99E-04,0.025291652,0,0.9,-7.77E-04,0.028101835,0,1
-0.5,3,1.81E-09,5.30E-08,0,0,7.77E-05,0.003441187,0,0.1,1.55E-04,0.006882373,0,0.2,2.33E-04,0.01032356,0,0.3,3.11E-04,0.013764746,0,0.4,3.88E-04,0.017205933,0,0.5,4.66E-04,0.020647119,0,0.6,5.44E-04,0.024088306,0,0.7,6.22E-04,0.027529492,0,0.8,6.99E-04,0.030970679,0,0.9,7.77E-04,0.034411865,0,1
-0.3,3,1.08E-09,5.30E-08,0,0,4.66E-05,0.003441186,0,0.1,9.32E-05,0.006882371,0,0.2,1.40E-04,0.010323557,0,0.3,1.86E-04,0.013764742,0,0.4,2.33E-04,0.017205928,0,0.5,2.80E-04,0.020647113,0,0.6,3.26E-04,0.024088299,0,0.7,3.73E-04,0.027529484,0,0.8,4.20E-04,0.03097067,0,0.9,4.66E-04,0.034411855,0,1
-0.1,2.6,3.49E-10,5.01E-08,0,0,1.55E-05,0.003314985,0,0.1,3.11E-05,0.00662997,0,0.2,4.66E-05,0.009944956,0,0.3,6.22E-05,0.013259941,0,0.4,7.77E-05,0.016574926,0,0.5,9.32E-05,0.019889911,0,0.6,1.09E-04,0.023204896,0,0.7,1.24E-04,0.026519882,0,0.8,1.40E-04,0.029834867,0,0.9,1.55E-04,0.033149852,0,1
0.1,2.2,-3.37E-10,4.73E-08,0,0,-1.55E-05,0.003188785,0,0.1,-3.11E-05,0.00637757,0,0.2,-4.66E-05,0.009566354,0,0.3,-6.22E-05,0.012755139,0,0.4,-7.77E-05,0.015943924,0,0.5,-9.32E-05,0.019132709,0,0.6,-1.09E-04,0.022321494,0,0.7,-1.24E-04,0.025510278,0,0.8,-1.40E-04,0.028699063,0,0.9,-1.55E-04,0.031887848,0,1
0.3,1.8,-9.75E-10,4.47E-08,0,0,-4.66E-05,0.003062584,0,0.1,-9.32E-05,0.006125169,0,0.2,-1.40E-04,0.009187753,0,0.3,-1.86E-04,0.012250338,0,0.4,-2.33E-04,0.015312922,0,0.5,-2.80E-04,0.018375507,0,0.6,-3.26E-04,0.021438091,0,0.7,-3.73E-04,0.024500676,0,0.8,-4.20E-04,0.02756326,0,0.9,-4.66E-04,0.030625845,0,1
0.5,1.4,-1.57E-09,4.21E-08,0,0,-7.77E-05,0.002936384,0,0.1,-1.55E-04,0.005872768,0,0.2,-2.33E-04,0.008809152,0,0.3,-3.11E-04,0.011745536,0,0.4,-3.88E-04,0.01468192,0,0.5,-4.66E-04,0.017618304,0,0.6,-5.44E-04,0.020554688,0,0.7,-6.22E-04,0.023491072,0,0.8,-6.99E-04,0.026427456,0,0.9,-7.77E-04,0.02936384,0,1
-0.5,3.4,1.87E-09,5.60E-08,0,0,7.77E-05,0.003567392,0,0.1,1.55E-04,0.007134784,0,0.2,2.33E-04,0.010702176,0,0.3,3.11E-04,0.014269568,0,0.4,3.89E-04,0.01783696,0,0.5,4.66E-04,0.021404352,0,0.6,5.44E-04,0.024971744,0,0.7,6.22E-04,0.028539136,0,0.8,6.99E-04,0.032106528,0,0.9,7.77E-04,0.03567392,0,1
-0.3,3.4,1.12E-09,5.60E-08,0,0,4.66E-05,0.003567387,0,0.1,9.33E-05,0.007134775,0,0.2,1.40E-04,0.010702162,0,0.3,1.87E-04,0.01426955,0,0.4,2.33E-04,0.017836937,0,0.5,2.80E-04,0.021404325,0,0.6,3.26E-04,0.024971712,0,0.7,3.73E-04,0.028539099,0,0.8,4.20E-04,0.032106487,0,0.9,4.66E-04,0.035673874,0,1
-0.1,3,3.61E-10,5.30E-08,0,0,1.55E-05,0.003441185,0,0.1,3.11E-05,0.00688237,0,0.2,4.66E-05,0.010323555,0,0.3,6.22E-05,0.01376474,0,0.4,7.77E-05,0.017205925,0,0.5,9.32E-05,0.020647109,0,0.6,1.09E-04,0.024088294,0,0.7,1.24E-04,0.027529479,0,0.8,1.40E-04,0.030970664,0,0.9,1.55E-04,0.034411849,0,1
0.1,2.6,-3.49E-10,5.01E-08,0,0,-1.55E-05,0.003314985,0,0.1,-3.11E-05,0.00662997,0,0.2,-4.66E-05,0.009944956,0,0.3,-6.22E-05,0.013259941,0,0.4,-7.77E-05,0.016574926,0,0.5,-9.32E-05,0.019889911,0,0.6,-1.09E-04,0.023204896,0,0.7,-1.24E-04,0.026519882,0,0.8,-1.40E-04,0.029834867,0,0.9,-1.55E-04,0.033149852,0,1
0.3,2.2,-1.01E-09,4.73E-08,0,0,-4.66E-05,0.003188785,0,0.1,-9.32E-05,0.00637757,0,0.2,-1.40E-04,0.009566355,0,0.3,-1.86E-04,0.01275514,0,0.4,-2.33E-04,0.015943925,0,0.5,-2.80E-04,0.019132709,0,0.6,-3.26E-04,0.022321494,0,0.7,-3.73E-04,0.025510279,0,0.8,-4.20E-04,0.028699064,0,0.9,-4.66E-04,0.031887849,0,1
0.5,1.8,-1.62E-09,4.47E-08,0,0,-7.77E-05,0.003062584,0,0.1,-1.55E-04,0.006125169,0,0.2,-2.33E-04,0.009187753,0,0.3,-3.11E-04,0.012250338,0,0.4,-3.88E-04,0.015312922,0,0.5,-4.66E-04,0.018375507,0,0.6,-5.44E-04,0.021438091,0,0.7,-6.22E-04,0.024500676,0,0.8,-6.99E-04,0.02756326,0,0.9,-7.77E-04,0.030625845,0,1
-0.5,3.8,1.93E-09,5.91E-08,0,0,7.77E-05,0.003693498,0,0.1,1.55E-04,0.007386997,0,0.2,2.33E-04,0.011080495,0,0.3,3.11E-04,0.014773994,0,0.4,3.89E-04,0.018467492,0,0.5,4.66E-04,0.022160991,0,0.6,5.44E-04,0.025854489,0,0.7,6.22E-04,0.029547987,0,0.8,7.00E-04,0.033241486,0,0.9,7.77E-04,0.036934984,0,1
-0.3,3.8,1.16E-09,5.91E-08,0,0,4.67E-05,0.003693577,0,0.1,9.33E-05,0.007387154,0,0.2,1.40E-04,0.011080731,0,0.3,1.87E-04,0.014774307,0,0.4,2.33E-04,0.018467884,0,0.5,2.80E-04,0.022161461,0,0.6,3.27E-04,0.025855038,0,0.7,3.73E-04,0.029548615,0,0.8,4.20E-04,0.033242192,0,0.9,4.67E-04,0.036935769,0,1
-0.1,3.4,3.74E-10,5.60E-08,0,0,1.55E-05,0.003567397,0,0.1,3.11E-05,0.007134794,0,0.2,4.66E-05,0.010702191,0,0.3,6.22E-05,0.014269588,0,0.4,7.77E-05,0.017836985,0,0.5,9.33E-05,0.021404382,0,0.6,1.09E-04,0.024971779,0,0.7,1.24E-04,0.028539175,0,0.8,1.40E-04,0.032106572,0,0.9,1.55E-04,0.035673969,0,1
0.1,3,-3.61E-10,5.30E-08,0,0,-1.55E-05,0.003441185,0,0.1,-3.11E-05,0.00688237,0,0.2,-4.66E-05,0.010323555,0,0.3,-6.22E-05,0.01376474,0,0.4,-7.77E-05,0.017205925,0,0.5,-9.32E-05,0.020647109,0,0.6,-1.09E-04,0.024088294,0,0.7,-1.24E-04,0.027529479,0,0.8,-1.40E-04,0.030970664,0,0.9,-1.55E-04,0.034411849,0,1
0.3,2.6,-1.05E-09,5.01E-08,0,0,-4.66E-05,0.003314985,0,0.1,-9.32E-05,0.006629971,0,0.2,-1.40E-04,0.009944956,0,0.3,-1.86E-04,0.013259942,0,0.4,-2.33E-04,0.016574927,0,0.5,-2.80E-04,0.019889913,0,0.6,-3.26E-04,0.023204898,0,0.7,-3.73E-04,0.026519884,0,0.8,-4.20E-04,0.029834869,0,0.9,-4.66E-04,0.033149855,0,1
0.5,2.2,-1.68E-09,4.74E-08,0,0,-7.77E-05,0.003188785,0,0.1,-1.55E-04,0.00637757,0,0.2,-2.33E-04,0.009566355,0,0.3,-3.11E-04,0.01275514,0,0.4,-3.88E-04,0.015943925,0,0.5,-4.66E-04,0.01913271,0,0.6,-5.44E-04,0.022321494,0,0.7,-6.22E-04,0.025510279,0,0.8,-6.99E-04,0.028699064,0,0.9,-7.77E-04,0.031887849,0,1
-0.5,4.2,1.99E-09,6.23E-08,0,0,7.76E-05,0.003819548,0,0.1,1.55E-04,0.007639095,0,0.2,2.33E-04,0.011458643,0,0.3,3.10E-04,0.01527819,0,0.4,3.88E-04,0.019097738,0,0.5,4.65E-04,0.022917285,0,0.6,5.43E-04,0.026736833,0,0.7,6.20E-04,0.03055638,0,0.8,6.98E-04,0.034375928,0,0.9,7.76E-04,0.038195475,0,1
-0.3,4.2,1.19E-09,6.23E-08,0,0,4.65E-05,0.003819804,0,0.1,9.31E-05,0.007639608,0,0.2,1.40E-04,0.011459412,0,0.3,1.86E-04,0.015279216,0,0.4,2.33E-04,0.01909902,0,0.5,2.79E-04,0.022918824,0,0.6,3.26E-04,0.026738628,0,0.7,3.72E-04,0.030558432,0,0.8,4.19E-04,0.034378236,0,0.9,4.65E-04,0.03819804,0,1
-0.1,3.8,3.87E-10,5.91E-08,0,0,1.56E-05,0.00369365,0,0.1,3.11E-05,0.007387301,0,0.2,4.67E-05,0.011080951,0,0.3,6.22E-05,0.014774601,0,0.4,7.78E-05,0.018468251,0,0.5,9.34E-05,0.022161902,0,0.6,1.09E-04,0.025855552,0,0.7,1.24E-04,0.029549202,0,0.8,1.40E-04,0.033242853,0,0.9,1.56E-04,0.036936503,0,1
0.1,3.4,-3.74E-10,5.60E-08,0,0,-1.55E-05,0.003567397,0,0.1,-3.11E-05,0.007134794,0,0.2,-4.66E-05,0.010702191,0,0.3,-6.22E-05,0.014269588,0,0.4,-7.77E-05,0.017836985,0,0.5,-9.33E-05,0.021404382,0,0.6,-1.09E-04,0.024971779,0,0.7,-1.24E-04,0.028539175,0,0.8,-1.40E-04,0.032106572,0,0.9,-1.55E-04,0.035673969,0,1
0.3,3,-1.08E-09,5.30E-08,0,0,-4.66E-05,0.003441186,0,0.1,-9.32E-05,0.006882371,0,0.2,-1.40E-04,0.010323557,0,0.3,-1.86E-04,0.013764742,0,0.4,-2.33E-04,0.017205928,0,0.5,-2.80E-04,0.020647113,0,0.6,-3.26E-04,0.024088299,0,0.7,-3.73E-04,0.027529484,0,0.8,-4.20E-04,0.03097067,0,0.9,-4.66E-04,0.034411855,0,1
0.5,2.6,-1.74E-09,5.01E-08,0,0,-7.77E-05,0.003314986,0,0.1,-1.55E-04,0.006629972,0,0.2,-2.33E-04,0.009944958,0,0.3,-3.11E-04,0.013259944,0,0.4,-3.88E-04,0.01657493,0,0.5,-4.66E-04,0.019889916,0,0.6,-5.44E-04,0.023204902,0,0.7,-6.22E-04,0.026519888,0,0.8,-6.99E-04,0.029834874,0,0.9,-7.77E-04,0.03314986,0,1
-0.5,4.6,1.98E-09,6.55E-08,0,0,7.48E-05,0.003944431,0,0.1,1.50E-04,0.007888862,0,0.2,2.24E-04,0.011833293,0,0.3,2.99E-04,0.015777723,0,0.4,3.74E-04,0.019722154,0,0.5,4.49E-04,0.023666585,0,0.6,5.24E-04,0.027611016,0,0.7,5.99E-04,0.031555447,0,0.8,6.73E-04,0.035499878,0,0.9,7.48E-04,0.039444309,0,1
-0.3,4.6,1.17E-09,6.55E-08,0,0,4.42E-05,0.003945787,0,0.1,8.84E-05,0.007891574,0,0.2,1.33E-04,0.011837362,0,0.3,1.77E-04,0.015783149,0,0.4,2.21E-04,0.019728936,0,0.5,2.65E-04,0.023674723,0,0.6,3.09E-04,0.027620511,0,0.7,3.54E-04,0.031566298,0,0.8,3.98E-04,0.035512085,0,0.9,4.42E-04,0.039457872,0,1
-0.1,4.2,3.98E-10,6.23E-08,0,0,1.55E-05,0.003819997,0,0.1,3.10E-05,0.007639995,0,0.2,4.65E-05,0.011459992,0,0.3,6.20E-05,0.015279989,0,0.4,7.75E-05,0.019099987,0,0.5,9.30E-05,0.022919984,0,0.6,1.08E-04,0.026739981,0,0.7,1.24E-04,0.030559979,0,0.8,1.39E-04,0.034379976,0,0.9,1.55E-04,0.038199974,0,1
0.1,3.8,-3.87E-10,5.91E-08,0,0,-1.56E-05,0.00369365,0,0.1,-3.11E-05,0.007387301,0,0.2,-4.67E-05,0.011080951,0,0.3,-6.22E-05,0.014774601,0,0.4,-7.78E-05,0.018468251,0,0.5,-9.34E-05,0.022161902,0,0.6,-1.09E-04,0.025855552,0,0.7,-1.24E-04,0.029549202,0,0.8,-1.40E-04,0.033242853,0,0.9,-1.56E-04,0.036936503,0,1
0.3,3.4,-1.12E-09,5.60E-08,0,0,-4.66E-05,0.003567387,0,0.1,-9.33E-05,0.007134775,0,0.2,-1.40E-04,0.010702162,0,0.3,-1.87E-04,0.01426955,0,0.4,-2.33E-04,0.017836937,0,0.5,-2.80E-04,0.021404325,0,0.6,-3.26E-04,0.024971712,0,0.7,-3.73E-04,0.028539099,0,0.8,-4.20E-04,0.032106487,0,0.9,-4.66E-04,0.035673874,0,1
0.5,3,-1.81E-09,5.30E-08,0,0,-7.77E-05,0.003441187,0,0.1,-1.55E-04,0.006882373,0,0.2,-2.33E-04,0.01032356,0,0.3,-3.11E-04,0.013764746,0,0.4,-3.88E-04,0.017205933,0,0.5,-4.66E-04,0.020647119,0,0.6,-5.44E-04,0.024088306,0,0.7,-6.22E-04,0.027529492,0,0.8,-6.99E-04,0.030970679,0,0.9,-7.77E-04,0.034411865,0,1
-0.5,5,1.80E-09,6.93E-08,0,0,6.62E-05,0.00408344,0,0.1,1.32E-04,0.008166881,0,0.2,1.99E-04,0.012250321,0,0.3,2.65E-04,0.016333761,0,0.4,3.31E-04,0.020417201,0,0.5,3.97E-04,0.024500642,0,0.6,4.63E-04,0.028584082,0,0.7,5.29E-04,0.032667522,0,0.8,5.96E-04,0.036750962,0,0.9,6.62E-04,0.040834403,0,1
-0.3,5,9.78E-10,6.89E-08,0,0,3.61E-05,0.004069283,0,0.1,7.22E-05,0.008138566,0,0.2,1.08E-04,0.012207848,0,0.3,1.44E-04,0.016277131,0,0.4,1.80E-04,0.020346414,0,0.5,2.17E-04,0.024415697,0,0.6,2.53E-04,0.02848498,0,0.7,2.89E-04,0.032554263,0,0.8,3.25E-04,0.036623545,0,0.9,3.61E-04,0.040692828,0,1
-0.1,4.6,3.81E-10,6.55E-08,0,0,1.44E-05,0.003945309,0,0.1,2.88E-05,0.007890618,0,0.2,4.32E-05,0.011835927,0,0.3,5.76E-05,0.015781237,0,0.4,7.20E-05,0.019726546,0,0.5,8.64E-05,0.023671855,0,0.6,1.01E-04,0.027617164,0,0.7,1.15E-04,0.031562473,0,0.8,1.30E-04,0.035507782,0,0.9,1.44E-04,0.039453091,0,1
0.1,4.2,-3.98E-10,6.23E-08,0,0,-1.55E-05,0.003819997,0,0.1,-3.10E-05,0.007639995,0,0.2,-4.65E-05,0.011459992,0,0.3,-6.20E-05,0.015279989,0,0.4,-7.75E-05,0.019099987,0,0.5,-9.30E-05,0.022919984,0,0.6,-1.08E-04,0.026739981,0,0.7,-1.24E-04,0.030559979,0,0.8,-1.39E-04,0.034379976,0,0.9,-1.55E-04,0.038199974,0,1
0.3,3.8,-1.16E-09,5.91E-08,0,0,-4.67E-05,0.003693577,0,0.1,-9.33E-05,0.007387154,0,0.2,-1.40E-04,0.011080731,0,0.3,-1.87E-04,0.014774307,0,0.4,-2.33E-04,0.018467884,0,0.5,-2.80E-04,0.022161461,0,0.6,-3.27E-04,0.025855038,0,0.7,-3.73E-04,0.029548615,0,0.8,-4.20E-04,0.033242192,0,0.9,-4.67E-04,0.036935769,0,1
0.5,3.4,-1.87E-09,5.60E-08,0,0,-7.77E-05,0.003567392,0,0.1,-1.55E-04,0.007134784,0,0.2,-2.33E-04,0.010702176,0,0.3,-3.11E-04,0.014269568,0,0.4,-3.89E-04,0.01783696,0,0.5,-4.66E-04,0.021404352,0,0.6,-5.44E-04,0.024971744,0,0.7,-6.22E-04,0.028539136,0,0.8,-6.99E-04,0.032106528,0,0.9,-7.77E-04,0.03567392,0,1
-0.583333333,5.333333333,1.95E-09,7.25E-08,0,0,7.01E-05,0.004199407,0,0.1,1.40E-04,0.008398814,0,0.2,2.10E-04,0.012598221,0,0.3,2.80E-04,0.016797628,0,0.4,3.50E-04,0.020997034,0,0.5,4.21E-04,0.025196441,0,0.6,4.91E-04,0.029395848,0,0.7,5.61E-04,0.033595255,0,0.8,6.31E-04,0.037794662,0,0.9,7.01E-04,0.041994069,0,1
-0.35,5.333333333,1.18E-09,7.16E-08,0,0,4.25E-05,0.004167834,0,0.1,8.50E-05,0.008335668,0,0.2,1.27E-04,0.012503502,0,0.3,1.70E-04,0.016671336,0,0.4,2.12E-04,0.02083917,0,0.5,2.55E-04,0.025007004,0,0.6,2.97E-04,0.029174838,0,0.7,3.40E-04,0.033342672,0,0.8,3.82E-04,0.037510506,0,0.9,4.25E-04,0.04167834,0,1
-0.1,5,3.24E-10,6.87E-08,0,0,1.20E-05,0.004063324,0,0.1,2.39E-05,0.008126648,0,0.2,3.59E-05,0.012189972,0,0.3,4.78E-05,0.016253296,0,0.4,5.98E-05,0.020316621,0,0.5,7.17E-05,0.024379945,0,0.6,8.37E-05,0.028443269,0,0.7,9.56E-05,0.032506593,0,0.8,1.08E-04,0.036569917,0,0.9,1.20E-04,0.040633241,0,1
0.1,4.6,-3.81E-10,6.55E-08,0,0,-1.44E-05,0.003945309,0,0.1,-2.88E-05,0.007890618,0,0.2,-4.32E-05,0.011835927,0,0.3,-5.76E-05,0.015781237,0,0.4,-7.20E-05,0.019726546,0,0.5,-8.64E-05,0.023671855,0,0.6,-1.01E-04,0.027617164,0,0.7,-1.15E-04,0.031562473,0,0.8,-1.30E-04,0.035507782,0,0.9,-1.44E-04,0.039453091,0,1
0.3,4.2,-1.19E-09,6.23E-08,0,0,-4.65E-05,0.003819804,0,0.1,-9.31E-05,0.007639608,0,0.2,-1.40E-04,0.011459412,0,0.3,-1.86E-04,0.015279216,0,0.4,-2.33E-04,0.01909902,0,0.5,-2.79E-04,0.022918824,0,0.6,-3.26E-04,0.026738628,0,0.7,-3.72E-04,0.030558432,0,0.8,-4.19E-04,0.034378236,0,0.9,-4.65E-04,0.03819804,0,1
0.5,3.8,-1.93E-09,5.91E-08,0,0,-7.77E-05,0.003693498,0,0.1,-1.55E-04,0.007386997,0,0.2,-2.33E-04,0.011080495,0,0.3,-3.11E-04,0.014773994,0,0.4,-3.89E-04,0.018467492,0,0.5,-4.66E-04,0.022160991,0,0.6,-5.44E-04,0.025854489,0,0.7,-6.22E-04,0.029547987,0,0.8,-7.00E-04,0.033241486,0,0.9,-7.77E-04,0.036934984,0,1
-0.666666667,5.666666667,2.11E-09,7.51E-08,0,0,7.37E-05,0.00428748,0,0.1,1.47E-04,0.00857496,0,0.2,2.21E-04,0.01286244,0,0.3,2.95E-04,0.017149921,0,0.4,3.68E-04,0.021437401,0,0.5,4.42E-04,0.025724881,0,0.6,5.16E-04,0.030012361,0,0.7,5.90E-04,0.034299841,0,0.8,6.63E-04,0.038587321,0,0.9,7.37E-04,0.042874801,0,1
-0.4,5.666666667,1.32E-09,7.41E-08,0,0,4.62E-05,0.004255749,0,0.1,9.24E-05,0.008511498,0,0.2,1.39E-04,0.012767248,0,0.3,1.85E-04,0.017022997,0,0.4,2.31E-04,0.021278746,0,0.5,2.77E-04,0.025534495,0,0.6,3.23E-04,0.029790244,0,0.7,3.70E-04,0.034045994,0,0.8,4.16E-04,0.038301743,0,0.9,4.62E-04,0.042557492,0,1
-0.116666667,5.333333333,3.85E-10,7.12E-08,0,0,1.39E-05,0.004154518,0,0.1,2.78E-05,0.008309036,0,0.2,4.16E-05,0.012463553,0,0.3,5.55E-05,0.016618071,0,0.4,6.94E-05,0.020772589,0,0.5,8.33E-05,0.024927107,0,0.6,9.72E-05,0.029081625,0,0.7,1.11E-04,0.033236142,0,0.8,1.25E-04,0.03739066,0,0.9,1.39E-04,0.041545178,0,1
0.1,5,-3.24E-10,6.87E-08,0,0,-1.20E-05,0.004063324,0,0.1,-2.39E-05,0.008126648,0,0.2,-3.59E-05,0.012189972,0,0.3,-4.78E-05,0.016253296,0,0.4,-5.98E-05,0.020316621,0,0.5,-7.17E-05,0.024379945,0,0.6,-8.37E-05,0.028443269,0,0.7,-9.56E-05,0.032506593,0,0.8,-1.08E-04,0.036569917,0,0.9,-1.20E-04,0.040633241,0,1
0.3,4.6,-1.17E-09,6.55E-08,0,0,-4.42E-05,0.003945787,0,0.1,-8.84E-05,0.007891574,0,0.2,-1.33E-04,0.011837362,0,0.3,-1.77E-04,0.015783149,0,0.4,-2.21E-04,0.019728936,0,0.5,-2.65E-04,0.023674723,0,0.6,-3.09E-04,0.027620511,0,0.7,-3.54E-04,0.031566298,0,0.8,-3.98E-04,0.035512085,0,0.9,-4.42E-04,0.039457872,0,1
0.5,4.2,-1.99E-09,6.23E-08,0,0,-7.76E-05,0.003819548,0,0.1,-1.55E-04,0.007639095,0,0.2,-2.33E-04,0.011458643,0,0.3,-3.10E-04,0.01527819,0,0.4,-3.88E-04,0.019097738,0,0.5,-4.65E-04,0.022917285,0,0.6,-5.43E-04,0.026736833,0,0.7,-6.20E-04,0.03055638,0,0.8,-6.98E-04,0.034375928,0,0.9,-7.76E-04,0.038195475,0,1
-0.75,6,2.23E-09,7.74E-08,0,0,7.54E-05,0.004365126,0,0.1,1.51E-04,0.008730252,0,0.2,2.26E-04,0.013095377,0,0.3,3.01E-04,0.017460503,0,0.4,3.77E-04,0.021825629,0,0.5,4.52E-04,0.026190755,0,0.6,5.27E-04,0.030555881,0,0.7,6.03E-04,0.034921006,0,0.8,6.78E-04,0.039286132,0,0.9,7.54E-04,0.043651258,0,1
-0.45,6,1.41E-09,7.64E-08,0,0,4.79E-05,0.004333443,0,0.1,9.58E-05,0.008666885,0,0.2,1.44E-04,0.013000328,0,0.3,1.92E-04,0.01733377,0,0.4,2.40E-04,0.021667213,0,0.5,2.87E-04,0.026000656,0,0.6,3.35E-04,0.030334098,0,0.7,3.83E-04,0.034667541,0,0.8,4.31E-04,0.039000983,0,0.9,4.79E-04,0.043334426,0,1
-0.133333333,5.666666667,4.44E-10,7.36E-08,0,0,1.56E-05,0.004239739,0,0.1,3.13E-05,0.008479477,0,0.2,4.69E-05,0.012719216,0,0.3,6.25E-05,0.016958954,0,0.4,7.81E-05,0.021198693,0,0.5,9.38E-05,0.025438432,0,0.6,1.09E-04,0.02967817,0,0.7,1.25E-04,0.033917909,0,0.8,1.41E-04,0.038157647,0,0.9,1.56E-04,0.042397386,0,1
0.116666667,5.333333333,-3.85E-10,7.12E-08,0,0,-1.39E-05,0.004154518,0,0.1,-2.78E-05,0.008309036,0,0.2,-4.16E-05,0.012463553,0,0.3,-5.55E-05,0.016618071,0,0.4,-6.94E-05,0.020772589,0,0.5,-8.33E-05,0.024927107,0,0.6,-9.72E-05,0.029081625,0,0.7,-1.11E-04,0.033236142,0,0.8,-1.25E-04,0.03739066,0,0.9,-1.39E-04,0.041545178,0,1
0.3,5,-9.78E-10,6.89E-08,0,0,-3.61E-05,0.004069283,0,0.1,-7.22E-05,0.008138566,0,0.2,-1.08E-04,0.012207848,0,0.3,-1.44E-04,0.016277131,0,0.4,-1.80E-04,0.020346414,0,0.5,-2.17E-04,0.024415697,0,0.6,-2.53E-04,0.02848498,0,0.7,-2.89E-04,0.032554263,0,0.8,-3.25E-04,0.036623545,0,0.9,-3.61E-04,0.040692828,0,1
0.5,4.6,-1.98E-09,6.55E-08,0,0,-7.48E-05,0.003944431,0,0.1,-1.50E-04,0.007888862,0,0.2,-2.24E-04,0.011833293,0,0.3,-2.99E-04,0.015777723,0,0.4,-3.74E-04,0.019722154,0,0.5,-4.49E-04,0.023666585,0,0.6,-5.24E-04,0.027611016,0,0.7,-5.99E-04,0.031555447,0,0.8,-6.73E-04,0.035499878,0,0.9,-7.48E-04,0.039444309,0,1
-0.833333333,6.333333333,2.38E-09,7.95E-08,0,0,7.78E-05,0.004434238,0,0.1,1.56E-04,0.008868476,0,0.2,2.34E-04,0.013302714,0,0.3,3.11E-04,0.017736952,0,0.4,3.89E-04,0.02217119,0,0.5,4.67E-04,0.026605428,0,0.6,5.45E-04,0.031039666,0,0.7,6.23E-04,0.035473904,0,0.8,7.01E-04,0.039908142,0,0.9,7.78E-04,0.044342379,0,1
-0.5,6.333333333,1.53E-09,7.85E-08,0,0,5.02E-05,0.004402891,0,0.1,1.00E-04,0.008805781,0,0.2,1.51E-04,0.013208672,0,0.3,2.01E-04,0.017611562,0,0.4,2.51E-04,0.022014453,0,0.5,3.01E-04,0.026417344,0,0.6,3.51E-04,0.030820234,0,0.7,4.02E-04,0.035223125,0,0.8,4.52E-04,0.039626015,0,0.9,5.02E-04,0.044028906,0,1
-0.15,6,4.82E-10,7.59E-08,0,0,1.64E-05,0.004317096,0,0.1,3.29E-05,0.008634193,0,0.2,4.93E-05,0.012951289,0,0.3,6.58E-05,0.017268385,0,0.4,8.22E-05,0.021585482,0,0.5,9.87E-05,0.025902578,0,0.6,1.15E-04,0.030219675,0,0.7,1.32E-04,0.034536771,0,0.8,1.48E-04,0.038853867,0,0.9,1.64E-04,0.043170964,0,1
0.133333333,5.666666667,-4.44E-10,7.36E-08,0,0,-1.56E-05,0.004239739,0,0.1,-3.13E-05,0.008479477,0,0.2,-4.69E-05,0.012719216,0,0.3,-6.25E-05,0.016958954,0,0.4,-7.81E-05,0.021198693,0,0.5,-9.38E-05,0.025438432,0,0.6,-1.09E-04,0.02967817,0,0.7,-1.25E-04,0.033917909,0,0.8,-1.41E-04,0.038157647,0,0.9,-1.56E-04,0.042397386,0,1
0.35,5.333333333,-1.18E-09,7.16E-08,0,0,-4.25E-05,0.004167834,0,0.1,-8.50E-05,0.008335668,0,0.2,-1.27E-04,0.012503502,0,0.3,-1.70E-04,0.016671336,0,0.4,-2.12E-04,0.02083917,0,0.5,-2.55E-04,0.025007004,0,0.6,-2.97E-04,0.029174838,0,0.7,-3.40E-04,0.033342672,0,0.8,-3.82E-04,0.037510506,0,0.9,-4.25E-04,0.04167834,0,1
0.5,5,-1.80E-09,6.93E-08,0,0,-6.62E-05,0.00408344,0,0.1,-1.32E-04,0.008166881,0,0.2,-1.99E-04,0.012250321,0,0.3,-2.65E-04,0.016333761,0,0.4,-3.31E-04,0.020417201,0,0.5,-3.97E-04,0.024500642,0,0.6,-4.63E-04,0.028584082,0,0.7,-5.29E-04,0.032667522,0,0.8,-5.96E-04,0.036750962,0,0.9,-6.62E-04,0.040834403,0,1
-0.916666667,6.666666667,2.61E-09,8.15E-08,0,0,8.23E-05,0.004495055,0,0.1,1.65E-04,0.00899011,0,0.2,2.47E-04,0.013485164,0,0.3,3.29E-04,0.017980219,0,0.4,4.11E-04,0.022475274,0,0.5,4.94E-04,0.026970329,0,0.6,5.76E-04,0.031465383,0,0.7,6.58E-04,0.035960438,0,0.8,7.40E-04,0.040455493,0,0.9,8.23E-04,0.044950548,0,1
-0.55,6.666666667,1.71E-09,8.05E-08,0,0,5.39E-05,0.004466134,0,0.1,1.08E-04,0.008932268,0,0.2,1.62E-04,0.013398403,0,0.3,2.16E-04,0.017864537,0,0.4,2.69E-04,0.022330671,0,0.5,3.23E-04,0.026796805,0,0.6,3.77E-04,0.03126294,0,0.7,4.31E-04,0.035729074,0,0.8,4.85E-04,0.040195208,0,0.9,5.39E-04,0.044661342,0,1
-0.166666667,6.333333333,5.27E-10,7.80E-08,0,0,1.74E-05,0.004387395,0,0.1,3.47E-05,0.00877479,0,0.2,5.21E-05,0.013162185,0,0.3,6.94E-05,0.01754958,0,0.4,8.68E-05,0.021936975,0,0.5,1.04E-04,0.02632437,0,0.6,1.22E-04,0.030711765,0,0.7,1.39E-04,0.03509916,0,0.8,1.56E-04,0.039486555,0,0.9,1.74E-04,0.04387395,0,1
0.15,6,-4.82E-10,7.59E-08,0,0,-1.64E-05,0.004317096,0,0.1,-3.29E-05,0.008634193,0,0.2,-4.93E-05,0.012951289,0,0.3,-6.58E-05,0.017268385,0,0.4,-8.22E-05,0.021585482,0,0.5,-9.87E-05,0.025902578,0,0.6,-1.15E-04,0.030219675,0,0.7,-1.32E-04,0.034536771,0,0.8,-1.48E-04,0.038853867,0,0.9,-1.64E-04,0.043170964,0,1
0.4,5.666666667,-1.32E-09,7.41E-08,0,0,-4.62E-05,0.004255749,0,0.1,-9.24E-05,0.008511498,0,0.2,-1.39E-04,0.012767248,0,0.3,-1.85E-04,0.017022997,0,0.4,-2.31E-04,0.021278746,0,0.5,-2.77E-04,0.025534495,0,0.6,-3.23E-04,0.029790244,0,0.7,-3.70E-04,0.034045994,0,0.8,-4.16E-04,0.038301743,0,0.9,-4.62E-04,0.042557492,0,1
0.583333333,5.333333333,-1.95E-09,7.25E-08,0,0,-7.01E-05,0.004199407,0,0.1,-1.40E-04,0.008398814,0,0.2,-2.10E-04,0.012598221,0,0.3,-2.80E-04,0.016797628,0,0.4,-3.50E-04,0.020997034,0,0.5,-4.21E-04,0.025196441,0,0.6,-4.91E-04,0.029395848,0,0.7,-5.61E-04,0.033595255,0,0.8,-6.31E-04,0.037794662,0,0.9,-7.01E-04,0.041994069,0,1
-1,7,2.88E-09,8.30E-08,0,0,8.75E-05,0.004541402,0,0.1,1.75E-04,0.009082805,0,0.2,2.62E-04,0.013624207,0,0.3,3.50E-04,0.01816561,0,0.4,4.37E-04,0.022707012,0,0.5,5.25E-04,0.027248415,0,0.6,6.12E-04,0.031789817,0,0.7,7.00E-04,0.036331219,0,0.8,7.87E-04,0.040872622,0,0.9,8.75E-04,0.045414024,0,1
-0.6,7,1.91E-09,8.24E-08,0,0,5.80E-05,0.004524758,0,0.1,1.16E-04,0.009049517,0,0.2,1.74E-04,0.013574275,0,0.3,2.32E-04,0.018099033,0,0.4,2.90E-04,0.022623792,0,0.5,3.48E-04,0.02714855,0,0.6,4.06E-04,0.031673308,0,0.7,4.64E-04,0.036198067,0,0.8,5.22E-04,0.040722825,0,0.9,5.80E-04,0.045247583,0,1
-0.183333333,6.666666667,5.92E-10,8.00E-08,0,0,1.87E-05,0.004452714,0,0.1,3.74E-05,0.008905428,0,0.2,5.62E-05,0.013358143,0,0.3,7.49E-05,0.017810857,0,0.4,9.36E-05,0.022263571,0,0.5,1.12E-04,0.026716285,0,0.6,1.31E-04,0.031168999,0,0.7,1.50E-04,0.035621714,0,0.8,1.68E-04,0.040074428,0,0.9,1.87E-04,0.044527142,0,1
0.166666667,6.333333333,-5.27E-10,7.80E-08,0,0,-1.74E-05,0.004387395,0,0.1,-3.47E-05,0.00877479,0,0.2,-5.21E-05,0.013162185,0,0.3,-6.94E-05,0.01754958,0,0.4,-8.68E-05,0.021936975,0,0.5,-1.04E-04,0.02632437,0,0.6,-1.22E-04,0.030711765,0,0.7,-1.39E-04,0.03509916,0,0.8,-1.56E-04,0.039486555,0,0.9,-1.74E-04,0.04387395,0,1
0.45,6,-1.41E-09,7.64E-08,0,0,-4.79E-05,0.004333443,0,0.1,-9.58E-05,0.008666885,0,0.2,-1.44E-04,0.013000328,0,0.3,-1.92E-04,0.01733377,0,0.4,-2.40E-04,0.021667213,0,0.5,-2.87E-04,0.026000656,0,0.6,-3.35E-04,0.030334098,0,0.7,-3.83E-04,0.034667541,0,0.8,-4.31E-04,0.039000983,0,0.9,-4.79E-04,0.043334426,0,1
0.666666667,5.666666667,-2.11E-09,7.51E-08,0,0,-7.37E-05,0.00428748,0,0.1,-1.47E-04,0.00857496,0,0.2,-2.21E-04,0.01286244,0,0.3,-2.95E-04,0.017149921,0,0.4,-3.68E-04,0.021437401,0,0.5,-4.42E-04,0.025724881,0,0.6,-5.16E-04,0.030012361,0,0.7,-5.90E-04,0.034299841,0,0.8,-6.63E-04,0.038587321,0,0.9,-7.37E-04,0.042874801,0,1
-1,7.375,2.91E-09,8.46E-08,0,0,8.49E-05,0.004588008,0,0.1,1.70E-04,0.009176016,0,0.2,2.55E-04,0.013764024,0,0.3,3.40E-04,0.018352031,0,0.4,4.25E-04,0.022940039,0,0.5,5.10E-04,0.027528047,0,0.6,5.95E-04,0.032116055,0,0.7,6.79E-04,0.036704063,0,0.8,7.64E-04,0.041292071,0,0.9,8.49E-04,0.045880079,0,1
-0.6,7.375,1.85E-09,8.44E-08,0,0,5.41E-05,0.004585584,0,0.1,1.08E-04,0.009171167,0,0.2,1.62E-04,0.013756751,0,0.3,2.16E-04,0.018342334,0,0.4,2.71E-04,0.022927918,0,0.5,3.25E-04,0.027513502,0,0.6,3.79E-04,0.032099085,0,0.7,4.33E-04,0.036684669,0,0.8,4.87E-04,0.041270252,0,0.9,5.41E-04,0.045855836,0,1
-0.2,7,6.51E-10,8.20E-08,0,0,1.99E-05,0.004514643,0,0.1,3.97E-05,0.009029285,0,0.2,5.96E-05,0.013543928,0,0.3,7.94E-05,0.01805857,0,0.4,9.93E-05,0.022573213,0,0.5,1.19E-04,0.027087855,0,0.6,1.39E-04,0.031602498,0,0.7,1.59E-04,0.036117141,0,0.8,1.79E-04,0.040631783,0,0.9,1.99E-04,0.045146426,0,1
0.183333333,6.666666667,-5.92E-10,8.00E-08,0,0,-1.87E-05,0.004452714,0,0.1,-3.74E-05,0.008905428,0,0.2,-5.62E-05,0.013358143,0,0.3,-7.49E-05,0.017810857,0,0.4,-9.36E-05,0.022263571,0,0.5,-1.12E-04,0.026716285,0,0.6,-1.31E-04,0.031168999,0,0.7,-1.50E-04,0.035621714,0,0.8,-1.68E-04,0.040074428,0,0.9,-1.87E-04,0.044527142,0,1
0.5,6.333333333,-1.53E-09,7.85E-08,0,0,-5.02E-05,0.004402891,0,0.1,-1.00E-04,0.008805781,0,0.2,-1.51E-04,0.013208672,0,0.3,-2.01E-04,0.017611562,0,0.4,-2.51E-04,0.022014453,0,0.5,-3.01E-04,0.026417344,0,0.6,-3.51E-04,0.030820234,0,0.7,-4.02E-04,0.035223125,0,0.8,-4.52E-04,0.039626015,0,0.9,-5.02E-04,0.044028906,0,1
0.75,6,-2.23E-09,7.74E-08,0,0,-7.54E-05,0.004365126,0,0.1,-1.51E-04,0.008730252,0,0.2,-2.26E-04,0.013095377,0,0.3,-3.01E-04,0.017460503,0,0.4,-3.77E-04,0.021825629,0,0.5,-4.52E-04,0.026190755,0,0.6,-5.27E-04,0.030555881,0,0.7,-6.03E-04,0.034921006,0,0.8,-6.78E-04,0.039286132,0,0.9,-7.54E-04,0.043651258,0,1
-1,7.75,2.88E-09,8.66E-08,0,0,8.12E-05,0.00464472,0,0.1,1.62E-04,0.00928944,0,0.2,2.44E-04,0.013934159,0,0.3,3.25E-04,0.018578879,0,0.4,4.06E-04,0.023223599,0,0.5,4.87E-04,0.027868319,0,0.6,5.68E-04,0.032513039,0,0.7,6.49E-04,0.037157759,0,0.8,7.31E-04,0.041802478,0,0.9,8.12E-04,0.046447198,0,1
-0.6,7.75,1.79E-09,8.65E-08,0,0,5.03E-05,0.00464508,0,0.1,1.01E-04,0.009290161,0,0.2,1.51E-04,0.013935241,0,0.3,2.01E-04,0.018580322,0,0.4,2.51E-04,0.023225402,0,0.5,3.02E-04,0.027870483,0,0.6,3.52E-04,0.032515563,0,0.7,4.02E-04,0.037160644,0,0.8,4.52E-04,0.041805724,0,0.9,5.03E-04,0.046450804,0,1
-0.2,7.375,6.36E-10,8.42E-08,0,0,1.87E-05,0.004580647,0,0.1,3.73E-05,0.009161294,0,0.2,5.60E-05,0.013741942,0,0.3,7.46E-05,0.018322589,0,0.4,9.33E-05,0.022903236,0,0.5,1.12E-04,0.027483883,0,0.6,1.31E-04,0.032064531,0,0.7,1.49E-04,0.036645178,0,0.8,1.68E-04,0.041225825,0,0.9,1.87E-04,0.045806472,0,1
0.2,7,-6.51E-10,8.20E-08,0,0,-1.99E-05,0.004514643,0,0.1,-3.97E-05,0.009029285,0,0.2,-5.96E-05,0.013543928,0,0.3,-7.94E-05,0.01805857,0,0.4,-9.93E-05,0.022573213,0,0.5,-1.19E-04,0.027087855,0,0.6,-1.39E-04,0.031602498,0,0.7,-1.59E-04,0.036117141,0,0.8,-1.79E-04,0.040631783,0,0.9,-1.99E-04,0.045146426,0,1
0.55,6.666666667,-1.71E-09,8.05E-08,0,0,-5.39E-05,0.004466134,0,0.1,-1.08E-04,0.008932268,0,0.2,-1.62E-04,0.013398403,0,0.3,-2.16E-04,0.017864537,0,0.4,-2.69E-04,0.022330671,0,0.5,-3.23E-04,0.026796805,0,0.6,-3.77E-04,0.03126294,0,0.7,-4.31E-04,0.035729074,0,0.8,-4.85E-04,0.040195208,0,0.9,-5.39E-04,0.044661342,0,1
0.833333333,6.333333333,-2.38E-09,7.95E-08,0,0,-7.78E-05,0.004434238,0,0.1,-1.56E-04,0.008868476,0,0.2,-2.34E-04,0.013302714,0,0.3,-3.11E-04,0.017736952,0,0.4,-3.89E-04,0.02217119,0,0.5,-4.67E-04,0.026605428,0,0.6,-5.45E-04,0.031039666,0,0.7,-6.23E-04,0.035473904,0,0.8,-7.01E-04,0.039908142,0,0.9,-7.78E-04,0.044342379,0,1
-1,8.125,2.91E-09,8.87E-08,0,0,7.92E-05,0.00470351,0,0.1,1.58E-04,0.009407021,0,0.2,2.37E-04,0.014110531,0,0.3,3.17E-04,0.018814041,0,0.4,3.96E-04,0.023517551,0,0.5,4.75E-04,0.028221062,0,0.6,5.54E-04,0.032924572,0,0.7,6.33E-04,0.037628082,0,0.8,7.12E-04,0.042331592,0,0.9,7.92E-04,0.047035103,0,1
-0.6,8.125,1.77E-09,8.86E-08,0,0,4.80E-05,0.004704206,0,0.1,9.61E-05,0.009408412,0,0.2,1.44E-04,0.014112618,0,0.3,1.92E-04,0.018816824,0,0.4,2.40E-04,0.02352103,0,0.5,2.88E-04,0.028225236,0,0.6,3.36E-04,0.032929442,0,0.7,3.84E-04,0.037633648,0,0.8,4.32E-04,0.042337854,0,0.9,4.80E-04,0.04704206,0,1
-0.2,7.75,6.08E-10,8.64E-08,0,0,1.71E-05,0.004643367,0,0.1,3.43E-05,0.009286733,0,0.2,5.14E-05,0.0139301,0,0.3,6.85E-05,0.018573466,0,0.4,8.57E-05,0.023216833,0,0.5,1.03E-04,0.027860199,0,0.6,1.20E-04,0.032503566,0,0.7,1.37E-04,0.037146932,0,0.8,1.54E-04,0.041790299,0,0.9,1.71E-04,0.046433665,0,1
0.2,7.375,-6.36E-10,8.42E-08,0,0,-1.87E-05,0.004580647,0,0.1,-3.73E-05,0.009161294,0,0.2,-5.60E-05,0.013741942,0,0.3,-7.46E-05,0.018322589,0,0.4,-9.33E-05,0.022903236,0,0.5,-1.12E-04,0.027483883,0,0.6,-1.31E-04,0.032064531,0,0.7,-1.49E-04,0.036645178,0,0.8,-1.68E-04,0.041225825,0,0.9,-1.87E-04,0.045806472,0,1
0.6,7,-1.91E-09,8.24E-08,0,0,-5.80E-05,0.004524758,0,0.1,-1.16E-04,0.009049517,0,0.2,-1.74E-04,0.013574275,0,0.3,-2.32E-04,0.018099033,0,0.4,-2.90E-04,0.022623792,0,0.5,-3.48E-04,0.02714855,0,0.6,-4.06E-04,0.031673308,0,0.7,-4.64E-04,0.036198067,0,0.8,-5.22E-04,0.040722825,0,0.9,-5.80E-04,0.045247583,0,1
0.916666667,6.666666667,-2.61E-09,8.15E-08,0,0,-8.23E-05,0.004495055,0,0.1,-1.65E-04,0.00899011,0,0.2,-2.47E-04,0.013485164,0,0.3,-3.29E-04,0.017980219,0,0.4,-4.11E-04,0.022475274,0,0.5,-4.94E-04,0.026970329,0,0.6,-5.76E-04,0.031465383,0,0.7,-6.58E-04,0.035960438,0,0.8,-7.40E-04,0.040455493,0,0.9,-8.23E-04,0.044950548,0,1
-1,8.5,2.95E-09,9.09E-08,0,0,7.82E-05,0.004762856,0,0.1,1.56E-04,0.009525712,0,0.2,2.35E-04,0.014288568,0,0.3,3.13E-04,0.019051424,0,0.4,3.91E-04,0.02381428,0,0.5,4.69E-04,0.028577136,0,0.6,5.47E-04,0.033339992,0,0.7,6.26E-04,0.038102848,0,0.8,7.04E-04,0.042865704,0,0.9,7.82E-04,0.04762856,0,1
-0.6,8.5,1.78E-09,9.08E-08,0,0,4.70E-05,0.004763359,0,0.1,9.41E-05,0.009526717,0,0.2,1.41E-04,0.014290076,0,0.3,1.88E-04,0.019053435,0,0.4,2.35E-04,0.023816793,0,0.5,2.82E-04,0.028580152,0,0.6,3.29E-04,0.033343511,0,0.7,3.76E-04,0.03810687,0,0.8,4.23E-04,0.042870228,0,0.9,4.70E-04,0.047633587,0,1
-0.2,8.125,5.95E-10,8.86E-08,0,0,1.62E-05,0.004703925,0,0.1,3.24E-05,0.009407849,0,0.2,4.85E-05,0.014111774,0,0.3,6.47E-05,0.018815698,0,0.4,8.09E-05,0.023519623,0,0.5,9.71E-05,0.028223548,0,0.6,1.13E-04,0.032927472,0,0.7,1.29E-04,0.037631397,0,0.8,1.46E-04,0.042335321,0,0.9,1.62E-04,0.047039246,0,1
0.2,7.75,-6.08E-10,8.64E-08,0,0,-1.71E-05,0.004643367,0,0.1,-3.43E-05,0.009286733,0,0.2,-5.14E-05,0.0139301,0,0.3,-6.85E-05,0.018573466,0,0.4,-8.57E-05,0.023216833,0,0.5,-1.03E-04,0.027860199,0,0.6,-1.20E-04,0.032503566,0,0.7,-1.37E-04,0.037146932,0,0.8,-1.54E-04,0.041790299,0,0.9,-1.71E-04,0.046433665,0,1
0.6,7.375,-1.85E-09,8.44E-08,0,0,-5.41E-05,0.004585584,0,0.1,-1.08E-04,0.009171167,0,0.2,-1.62E-04,0.013756751,0,0.3,-2.16E-04,0.018342334,0,0.4,-2.71E-04,0.022927918,0,0.5,-3.25E-04,0.027513502,0,0.6,-3.79E-04,0.032099085,0,0.7,-4.33E-04,0.036684669,0,0.8,-4.87E-04,0.041270252,0,0.9,-5.41E-04,0.045855836,0,1
1,7,-2.88E-09,8.30E-08,0,0,-8.75E-05,0.004541402,0,0.1,-1.75E-04,0.009082805,0,0.2,-2.62E-04,0.013624207,0,0.3,-3.50E-04,0.01816561,0,0.4,-4.37E-04,0.022707012,0,0.5,-5.25E-04,0.027248415,0,0.6,-6.12E-04,0.031789817,0,0.7,-7.00E-04,0.036331219,0,0.8,-7.87E-04,0.040872622,0,0.9,-8.75E-04,0.045414024,0,1
-1,8.875,3.00E-09,9.31E-08,0,0,7.78E-05,0.004822247,0,0.1,1.56E-04,0.009644495,0,0.2,2.33E-04,0.014466742,0,0.3,3.11E-04,0.01928899,0,0.4,3.89E-04,0.024111237,0,0.5,4.67E-04,0.028933484,0,0.6,5.45E-04,0.033755732,0,0.7,6.22E-04,0.038577979,0,0.8,7.00E-04,0.043400227,0,0.9,7.78E-04,0.048222474,0,1
-0.6,8.875,1.81E-09,9.31E-08,0,0,4.67E-05,0.00482252,0,0.1,9.34E-05,0.009645039,0,0.2,1.40E-04,0.014467559,0,0.3,1.87E-04,0.019290079,0,0.4,2.33E-04,0.024112599,0,0.5,2.80E-04,0.028935118,0,0.6,3.27E-04,0.033757638,0,0.7,3.73E-04,0.038580158,0,0.8,4.20E-04,0.043402678,0,0.9,4.67E-04,0.048225197,0,1
-0.2,8.5,5.97E-10,9.08E-08,0,0,1.57E-05,0.004763486,0,0.1,3.15E-05,0.009526972,0,0.2,4.72E-05,0.014290457,0,0.3,6.29E-05,0.019053943,0,0.4,7.87E-05,0.023817429,0,0.5,9.44E-05,0.028580915,0,0.6,1.10E-04,0.0333444,0,0.7,1.26E-04,0.038107886,0,0.8,1.42E-04,0.042871372,0,0.9,1.57E-04,0.047634858,0,1
0.2,8.125,-5.95E-10,8.86E-08,0,0,-1.62E-05,0.004703925,0,0.1,-3.24E-05,0.009407849,0,0.2,-4.85E-05,0.014111774,0,0.3,-6.47E-05,0.018815698,0,0.4,-8.09E-05,0.023519623,0,0.5,-9.71E-05,0.028223548,0,0.6,-1.13E-04,0.032927472,0,0.7,-1.29E-04,0.037631397,0,0.8,-1.46E-04,0.042335321,0,0.9,-1.62E-04,0.047039246,0,1
0.6,7.75,-1.79E-09,8.65E-08,0,0,-5.03E-05,0.00464508,0,0.1,-1.01E-04,0.009290161,0,0.2,-1.51E-04,0.013935241,0,0.3,-2.01E-04,0.018580322,0,0.4,-2.51E-04,0.023225402,0,0.5,-3.02E-04,0.027870483,0,0.6,-3.52E-04,0.032515563,0,0.7,-4.02E-04,0.037160644,0,0.8,-4.52E-04,0.041805724,0,0.9,-5.03E-04,0.046450804,0,1
1,7.375,-2.91E-09,8.46E-08,0,0,-8.49E-05,0.004588008,0,0.1,-1.70E-04,0.009176016,0,0.2,-2.55E-04,0.013764024,0,0.3,-3.40E-04,0.018352031,0,0.4,-4.25E-04,0.022940039,0,0.5,-5.10E-04,0.027528047,0,0.6,-5.95E-04,0.032116055,0,0.7,-6.79E-04,0.036704063,0,0.8,-7.64E-04,0.041292071,0,0.9,-8.49E-04,0.045880079,0,1
-1,9.25,3.05E-09,9.54E-08,0,0,7.77E-05,0.004881559,0,0.1,1.55E-04,0.009763117,0,0.2,2.33E-04,0.014644676,0,0.3,3.11E-04,0.019526234,0,0.4,3.88E-04,0.024407793,0,0.5,4.66E-04,0.029289351,0,0.6,5.44E-04,0.03417091,0,0.7,6.21E-04,0.039052469,0,0.8,6.99E-04,0.043934027,0,0.9,7.77E-04,0.048815586,0,1
-0.6,9.25,1.84E-09,9.54E-08,0,0,4.66E-05,0.004881681,0,0.1,9.32E-05,0.009763363,0,0.2,1.40E-04,0.014645044,0,0.3,1.86E-04,0.019526725,0,0.4,2.33E-04,0.024408406,0,0.5,2.79E-04,0.029290088,0,0.6,3.26E-04,0.034171769,0,0.7,3.73E-04,0.03905345,0,0.8,4.19E-04,0.043935131,0,0.9,4.66E-04,0.048816813,0,1
-0.2,8.875,6.05E-10,9.31E-08,0,0,1.56E-05,0.004822682,0,0.1,3.11E-05,0.009645364,0,0.2,4.67E-05,0.014468046,0,0.3,6.23E-05,0.019290728,0,0.4,7.78E-05,0.024113411,0,0.5,9.34E-05,0.028936093,0,0.6,1.09E-04,0.033758775,0,0.7,1.25E-04,0.038581457,0,0.8,1.40E-04,0.043404139,0,0.9,1.56E-04,0.048226821,0,1
0.2,8.5,-5.97E-10,9.08E-08,0,0,-1.57E-05,0.004763486,0,0.1,-3.15E-05,0.009526972,0,0.2,-4.72E-05,0.014290457,0,0.3,-6.29E-05,0.019053943,0,0.4,-7.87E-05,0.023817429,0,0.5,-9.44E-05,0.028580915,0,0.6,-1.10E-04,0.0333444,0,0.7,-1.26E-04,0.038107886,0,0.8,-1.42E-04,0.042871372,0,0.9,-1.57E-04,0.047634858,0,1
0.6,8.125,-1.77E-09,8.86E-08,0,0,-4.80E-05,0.004704206,0,0.1,-9.61E-05,0.009408412,0,0.2,-1.44E-04,0.014112618,0,0.3,-1.92E-04,0.018816824,0,0.4,-2.40E-04,0.02352103,0,0.5,-2.88E-04,0.028225236,0,0.6,-3.36E-04,0.032929442,0,0.7,-3.84E-04,0.037633648,0,0.8,-4.32E-04,0.042337854,0,0.9,-4.80E-04,0.04704206,0,1
1,7.75,-2.88E-09,8.66E-08,0,0,-8.12E-05,0.00464472,0,0.1,-1.62E-04,0.00928944,0,0.2,-2.44E-04,0.013934159,0,0.3,-3.25E-04,0.018578879,0,0.4,-4.06E-04,0.023223599,0,0.5,-4.87E-04,0.027868319,0,0.6,-5.68E-04,0.032513039,0,0.7,-6.49E-04,0.037157759,0,0.8,-7.31E-04,0.041802478,0,0.9,-8.12E-04,0.046447198,0,1
-1,9.625,3.08E-09,9.77E-08,0,0,7.77E-05,0.004940798,0,0.1,1.55E-04,0.009881595,0,0.2,2.33E-04,0.014822393,0,0.3,3.11E-04,0.01976319,0,0.4,3.88E-04,0.024703988,0,0.5,4.66E-04,0.029644786,0,0.6,5.44E-04,0.034585583,0,0.7,6.21E-04,0.039526381,0,0.8,6.99E-04,0.044467178,0,0.9,7.77E-04,0.049407976,0,1
-0.6,9.625,1.86E-09,9.77E-08,0,0,4.66E-05,0.004940841,0,0.1,9.31E-05,0.009881682,0,0.2,1.40E-04,0.014822524,0,0.3,1.86E-04,0.019763365,0,0.4,2.33E-04,0.024704206,0,0.5,2.79E-04,0.029645047,0,0.6,3.26E-04,0.034585888,0,0.7,3.72E-04,0.039526729,0,0.8,4.19E-04,0.044467571,0,0.9,4.66E-04,0.049408412,0,1
-0.2,9.25,6.15E-10,9.53E-08,0,0,1.55E-05,0.004881788,0,0.1,3.10E-05,0.009763575,0,0.2,4.66E-05,0.014645363,0,0.3,6.21E-05,0.01952715,0,0.4,7.76E-05,0.024408938,0,0.5,9.31E-05,0.029290726,0,0.6,1.09E-04,0.034172513,0,0.7,1.24E-04,0.039054301,0,0.8,1.40E-04,0.043936089,0,0.9,1.55E-04,0.048817876,0,1
0.2,8.875,-6.05E-10,9.31E-08,0,0,-1.56E-05,0.004822682,0,0.1,-3.11E-05,0.009645364,0,0.2,-4.67E-05,0.014468046,0,0.3,-6.23E-05,0.019290728,0,0.4,-7.78E-05,0.024113411,0,0.5,-9.34E-05,0.028936093,0,0.6,-1.09E-04,0.033758775,0,0.7,-1.25E-04,0.038581457,0,0.8,-1.40E-04,0.043404139,0,0.9,-1.56E-04,0.048226821,0,1
0.6,8.5,-1.78E-09,9.08E-08,0,0,-4.70E-05,0.004763359,0,0.1,-9.41E-05,0.009526717,0,0.2,-1.41E-04,0.014290076,0,0.3,-1.88E-04,0.019053435,0,0.4,-2.35E-04,0.023816793,0,0.5,-2.82E-04,0.028580152,0,0.6,-3.29E-04,0.033343511,0,0.7,-3.76E-04,0.03810687,0,0.8,-4.23E-04,0.042870228,0,0.9,-4.70E-04,0.047633587,0,1
1,8.125,-2.91E-09,8.87E-08,0,0,-7.92E-05,0.00470351,0,0.1,-1.58E-04,0.009407021,0,0.2,-2.37E-04,0.014110531,0,0.3,-3.17E-04,0.018814041,0,0.4,-3.96E-04,0.023517551,0,0.5,-4.75E-04,0.028221062,0,0.6,-5.54E-04,0.032924572,0,0.7,-6.33E-04,0.037628082,0,0.8,-7.12E-04,0.042331592,0,0.9,-7.92E-04,0.047035103,0,1
-1,10,3.10E-09,1.00E-07,0,0,7.77E-05,0.005,0,0.1,1.55E-04,0.01,0,0.2,2.33E-04,0.015,0,0.3,3.11E-04,0.02,0,0.4,3.88E-04,0.025,0,0.5,4.66E-04,0.03,0,0.6,5.44E-04,0.035,0,0.7,6.21E-04,0.04,0,0.8,6.99E-04,0.045,0,0.9,7.77E-04,0.05,0,1
-0.6,10,1.87E-09,1.00E-07,0,0,4.66E-05,0.005,0,0.1,9.31E-05,0.01,0,0.2,1.40E-04,0.015,0,0.3,1.86E-04,0.02,0,0.4,2.33E-04,0.025,0,0.5,2.79E-04,0.03,0,0.6,3.26E-04,0.035,0,0.7,3.73E-04,0.04,0,0.8,4.19E-04,0.045,0,0.9,4.66E-04,0.05,0,1
-0.2,9.625,6.22E-10,9.77E-08,0,0,1.55E-05,0.004940889,0,0.1,3.10E-05,0.009881778,0,0.2,4.65E-05,0.014822667,0,0.3,6.21E-05,0.019763556,0,0.4,7.76E-05,0.024704445,0,0.5,9.31E-05,0.029645334,0,0.6,1.09E-04,0.034586223,0,0.7,1.24E-04,0.039527112,0,0.8,1.40E-04,0.044468,0,0.9,1.55E-04,0.049408889,0,1
0.2,9.25,-6.15E-10,9.53E-08,0,0,-1.55E-05,0.004881788,0,0.1,-3.10E-05,0.009763575,0,0.2,-4.66E-05,0.014645363,0,0.3,-6.21E-05,0.01952715,0,0.4,-7.76E-05,0.024408938,0,0.5,-9.31E-05,0.029290726,0,0.6,-1.09E-04,0.034172513,0,0.7,-1.24E-04,0.039054301,0,0.8,-1.40E-04,0.043936089,0,0.9,-1.55E-04,0.048817876,0,1
0.6,8.875,-1.81E-09,9.31E-08,0,0,-4.67E-05,0.00482252,0,0.1,-9.34E-05,0.009645039,0,0.2,-1.40E-04,0.014467559,0,0.3,-1.87E-04,0.019290079,0,0.4,-2.33E-04,0.024112599,0,0.5,-2.80E-04,0.028935118,0,0.6,-3.27E-04,0.033757638,0,0.7,-3.73E-04,0.038580158,0,0.8,-4.20E-04,0.043402678,0,0.9,-4.67E-04,0.048225197,0,1
1,8.5,-2.95E-09,9.09E-08,0,0,-7.82E-05,0.004762856,0,0.1,-1.56E-04,0.009525712,0,0.2,-2.35E-04,0.014288568,0,0.3,-3.13E-04,0.019051424,0,0.4,-3.91E-04,0.02381428,0,0.5,-4.69E-04,0.028577136,0,0.6,-5.47E-04,0.033339992,0,0.7,-6.26E-04,0.038102848,0,0.8,-7.04E-04,0.042865704,0,0.9,-7.82E-04,0.04762856,0,1
-0.2,10,6.24E-10,1.00E-07,0,0,1.55E-05,0.005,0,0.1,3.10E-05,0.01,0,0.2,4.65E-05,0.015,0,0.3,6.21E-05,0.02,0,0.4,7.76E-05,0.025,0,0.5,9.31E-05,0.03,0,0.6,1.09E-04,0.035,0,0.7,1.24E-04,0.04,0,0.8,1.40E-04,0.045,0,0.9,1.55E-04,0.05,0,1
0.2,9.625,-6.22E-10,9.77E-08,0,0,-1.55E-05,0.004940889,0,0.1,-3.10E-05,0.009881778,0,0.2,-4.65E-05,0.014822667,0,0.3,-6.21E-05,0.019763556,0,0.4,-7.76E-05,0.024704445,0,0.5,-9.31E-05,0.029645334,0,0.6,-1.09E-04,0.034586223,0,0.7,-1.24E-04,0.039527112,0,0.8,-1.40E-04,0.044468,0,0.9,-1.55E-04,0.049408889,0,1
0.6,9.25,-1.84E-09,9.54E-08,0,0,-4.66E-05,0.004881681,0,0.1,-9.32E-05,0.009763363,0,0.2,-1.40E-04,0.014645044,0,0.3,-1.86E-04,0.019526725,0,0.4,-2.33E-04,0.024408406,0,0.5,-2.79E-04,0.029290088,0,0.6,-3.26E-04,0.034171769,0,0.7,-3.73E-04,0.03905345,0,0.8,-4.19E-04,0.043935131,0,0.9,-4.66E-04,0.048816813,0,1
1,8.875,-3.00E-09,9.31E-08,0,0,-7.78E-05,0.004822247,0,0.1,-1.56E-04,0.009644495,0,0.2,-2.33E-04,0.014466742,0,0.3,-3.11E-04,0.01928899,0,0.4,-3.89E-04,0.024111237,0,0.5,-4.67E-04,0.028933484,0,0.6,-5.45E-04,0.033755732,0,0.7,-6.22E-04,0.038577979,0,0.8,-7.00E-04,0.043400227,0,0.9,-7.78E-04,0.048222474,0,1
0.2,10,-6.24E-10,1.00E-07,0,0,-1.55E-05,0.005,0,0.1,-3.10E-05,0.01,0,0.2,-4.65E-05,0.015,0,0.3,-6.21E-05,0.02,0,0.4,-7.76E-05,0.025,0,0.5,-9.31E-05,0.03,0,0.6,-1.09E-04,0.035,0,0.7,-1.24E-04,0.04,0,0.8,-1.40E-04,0.045,0,0.9,-1.55E-04,0.05,0,1
0.6,9.625,-1.86E-09,9.77E-08,0,0,-4.66E-05,0.004940841,0,0.1,-9.31E-05,0.009881682,0,0.2,-1.40E-04,0.014822524,0,0.3,-1.86E-04,0.019763365,0,0.4,-2.33E-04,0.024704206,0,0.5,-2.79E-04,0.029645047,0,0.6,-3.26E-04,0.034585888,0,0.7,-3.72E-04,0.039526729,0,0.8,-4.19E-04,0.044467571,0,0.9,-4.66E-04,0.049408412,0,1
1,9.25,-3.05E-09,9.54E-08,0,0,-7.77E-05,0.004881559,0,0.1,-1.55E-04,0.009763117,0,0.2,-2.33E-04,0.014644676,0,0.3,-3.11E-04,0.019526234,0,0.4,-3.88E-04,0.024407793,0,0.5,-4.66E-04,0.029289351,0,0.6,-5.44E-04,0.03417091,0,0.7,-6.21E-04,0.039052469,0,0.8,-6.99E-04,0.043934027,0,0.9,-7.77E-04,0.048815586,0,1
0.6,10,-1.87E-09,1.00E-07,0,0,-4.66E-05,0.005,0,0.1,-9.31E-05,0.01,0,0.2,-1.40E-04,0.015,0,0.3,-1.86E-04,0.02,0,0.4,-2.33E-04,0.025,0,0.5,-2.79E-04,0.03,0,0.6,-3.26E-04,0.035,0,0.7,-3.73E-04,0.04,0,0.8,-4.19E-04,0.045,0,0.9,-4.66E-04,0.05,0,1
1,9.625,-3.08E-09,9.77E-08,0,0,-7.77E-05,0.004940798,0,0.1,-1.55E-04,0.009881595,0,0.2,-2.33E-04,0.014822393,0,0.3,-3.11E-04,0.01976319,0,0.4,-3.88E-04,0.024703988,0,0.5,-4.66E-04,0.029644786,0,0.6,-5.44E-04,0.034585583,0,0.7,-6.21E-04,0.039526381,0,0.8,-6.99E-04,0.044467178,0,0.9,-7.77E-04,0.049407976,0,1
1,10,-3.10E-09,1.00E-07,0,0,-7.77E-05,0.005,0,0.1,-1.55E-04,0.01,0,0.2,-2.33E-04,0.015,0,0.3,-3.11E-04,0.02,0,0.4,-3.88E-04,0.025,0,0.5,-4.66E-04,0.03,0,0.6,-5.44E-04,0.035,0,0.7,-6.21E-04,0.04,0,0.8,-6.99E-04,0.045,0,0.9,-7.77E-04,0.05,0,1